experiment,seed,num_states,num_inputs,state_dim,input_dim,register_type,transition_accuracy,mean_abs_overlap
exp01_transition_accuracy,0,4,2,64,16,nearest,1.0,0.109375
exp01_transition_accuracy,0,4,2,64,16,hopfield,1.0,0.109375
exp01_transition_accuracy,0,4,2,128,16,nearest,1.0,0.059895833333333336
exp01_transition_accuracy,0,4,2,128,16,hopfield,1.0,0.059895833333333336
exp01_transition_accuracy,0,4,2,256,16,nearest,1.0,0.055989583333333336
exp01_transition_accuracy,0,4,2,256,16,hopfield,1.0,0.055989583333333336
exp01_transition_accuracy,0,4,2,512,16,nearest,1.0,0.0234375
exp01_transition_accuracy,0,4,2,512,16,hopfield,1.0,0.0234375
exp01_transition_accuracy,0,4,4,64,16,nearest,1.0,0.08854166666666667
exp01_transition_accuracy,0,4,4,64,16,hopfield,1.0,0.08854166666666667
exp01_transition_accuracy,0,4,4,128,16,nearest,1.0,0.046875
exp01_transition_accuracy,0,4,4,128,16,hopfield,1.0,0.046875
exp01_transition_accuracy,0,4,4,256,16,nearest,1.0,0.061197916666666664
exp01_transition_accuracy,0,4,4,256,16,hopfield,1.0,0.061197916666666664
exp01_transition_accuracy,0,4,4,512,16,nearest,1.0,0.025390625
exp01_transition_accuracy,0,4,4,512,16,hopfield,1.0,0.025390625
exp01_transition_accuracy,0,4,8,64,16,nearest,1.0,0.07291666666666667
exp01_transition_accuracy,0,4,8,64,16,hopfield,1.0,0.07291666666666667
exp01_transition_accuracy,0,4,8,128,16,nearest,1.0,0.049479166666666664
exp01_transition_accuracy,0,4,8,128,16,hopfield,1.0,0.049479166666666664
exp01_transition_accuracy,0,4,8,256,16,nearest,1.0,0.07161458333333333
exp01_transition_accuracy,0,4,8,256,16,hopfield,1.0,0.07161458333333333
exp01_transition_accuracy,0,4,8,512,16,nearest,1.0,0.029947916666666668
exp01_transition_accuracy,0,4,8,512,16,hopfield,1.0,0.029947916666666668
exp01_transition_accuracy,0,8,2,64,16,nearest,1.0,0.08035714285714286
exp01_transition_accuracy,0,8,2,64,16,hopfield,1.0,0.08035714285714286
exp01_transition_accuracy,0,8,2,128,16,nearest,1.0,0.06529017857142858
exp01_transition_accuracy,0,8,2,128,16,hopfield,1.0,0.06529017857142858
exp01_transition_accuracy,0,8,2,256,16,nearest,1.0,0.05608258928571429
exp01_transition_accuracy,0,8,2,256,16,hopfield,1.0,0.05608258928571429
exp01_transition_accuracy,0,8,2,512,16,nearest,1.0,0.03208705357142857
exp01_transition_accuracy,0,8,2,512,16,hopfield,1.0,0.03208705357142857
exp01_transition_accuracy,0,8,4,64,16,nearest,1.0,0.1015625
exp01_transition_accuracy,0,8,4,64,16,hopfield,1.0,0.1015625
exp01_transition_accuracy,0,8,4,128,16,nearest,1.0,0.07087053571428571
exp01_transition_accuracy,0,8,4,128,16,hopfield,1.0,0.07087053571428571
exp01_transition_accuracy,0,8,4,256,16,nearest,1.0,0.0625
exp01_transition_accuracy,0,8,4,256,16,hopfield,1.0,0.0625
exp01_transition_accuracy,0,8,4,512,16,nearest,1.0,0.035853794642857144
exp01_transition_accuracy,0,8,4,512,16,hopfield,1.0,0.035853794642857144
exp01_transition_accuracy,0,8,8,64,16,nearest,1.0,0.08147321428571429
exp01_transition_accuracy,0,8,8,64,16,hopfield,1.0,0.08147321428571429
exp01_transition_accuracy,0,8,8,128,16,nearest,1.0,0.07589285714285714
exp01_transition_accuracy,0,8,8,128,16,hopfield,1.0,0.07589285714285714
exp01_transition_accuracy,0,8,8,256,16,nearest,1.0,0.05859375
exp01_transition_accuracy,0,8,8,256,16,hopfield,1.0,0.05859375
exp01_transition_accuracy,0,8,8,512,16,nearest,1.0,0.03627232142857143
exp01_transition_accuracy,0,8,8,512,16,hopfield,1.0,0.03627232142857143
exp01_transition_accuracy,0,16,2,64,16,nearest,1.0,0.10859375
exp01_transition_accuracy,0,16,2,64,16,hopfield,0.40625,0.10859375
exp01_transition_accuracy,0,16,2,128,16,nearest,1.0,0.07447916666666667
exp01_transition_accuracy,0,16,2,128,16,hopfield,1.0,0.07447916666666667
exp01_transition_accuracy,0,16,2,256,16,nearest,1.0,0.05319010416666667
exp01_transition_accuracy,0,16,2,256,16,hopfield,1.0,0.05319010416666667
exp01_transition_accuracy,0,16,2,512,16,nearest,1.0,0.03583984375
exp01_transition_accuracy,0,16,2,512,16,hopfield,1.0,0.03583984375
exp01_transition_accuracy,0,16,4,64,16,nearest,1.0,0.1
exp01_transition_accuracy,0,16,4,64,16,hopfield,0.8125,0.1
exp01_transition_accuracy,0,16,4,128,16,nearest,1.0,0.07526041666666666
exp01_transition_accuracy,0,16,4,128,16,hopfield,1.0,0.07526041666666666
exp01_transition_accuracy,0,16,4,256,16,nearest,1.0,0.050130208333333336
exp01_transition_accuracy,0,16,4,256,16,hopfield,1.0,0.050130208333333336
exp01_transition_accuracy,0,16,4,512,16,nearest,1.0,0.0359375
exp01_transition_accuracy,0,16,4,512,16,hopfield,1.0,0.0359375
exp01_transition_accuracy,0,16,8,64,16,nearest,1.0,0.10260416666666666
exp01_transition_accuracy,0,16,8,64,16,hopfield,0.8203125,0.10260416666666666
exp01_transition_accuracy,0,16,8,128,16,nearest,1.0,0.07083333333333333
exp01_transition_accuracy,0,16,8,128,16,hopfield,1.0,0.07083333333333333
exp01_transition_accuracy,0,16,8,256,16,nearest,1.0,0.048046875
exp01_transition_accuracy,0,16,8,256,16,hopfield,1.0,0.048046875
exp01_transition_accuracy,0,16,8,512,16,nearest,1.0,0.03473307291666667
exp01_transition_accuracy,0,16,8,512,16,hopfield,1.0,0.03473307291666667
exp01_transition_accuracy,0,32,2,64,16,nearest,1.0,0.10017641129032258
exp01_transition_accuracy,0,32,2,64,16,hopfield,0.5625,0.10017641129032258
exp01_transition_accuracy,0,32,2,128,16,nearest,1.0,0.07037550403225806
exp01_transition_accuracy,0,32,2,128,16,hopfield,0.921875,0.07037550403225806
exp01_transition_accuracy,0,32,2,256,16,nearest,1.0,0.05015120967741935
exp01_transition_accuracy,0,32,2,256,16,hopfield,1.0,0.05015120967741935
exp01_transition_accuracy,0,32,2,512,16,nearest,1.0,0.03642420614919355
exp01_transition_accuracy,0,32,2,512,16,hopfield,1.0,0.03642420614919355
exp01_transition_accuracy,0,32,4,64,16,nearest,1.0,0.1003024193548387
exp01_transition_accuracy,0,32,4,64,16,hopfield,0.53125,0.1003024193548387
exp01_transition_accuracy,0,32,4,128,16,nearest,1.0,0.07497479838709678
exp01_transition_accuracy,0,32,4,128,16,hopfield,0.796875,0.07497479838709678
exp01_transition_accuracy,0,32,4,256,16,nearest,1.0,0.04840284778225806
exp01_transition_accuracy,0,32,4,256,16,hopfield,1.0,0.04840284778225806
exp01_transition_accuracy,0,32,4,512,16,nearest,1.0,0.03518775201612903
exp01_transition_accuracy,0,32,4,512,16,hopfield,1.0,0.03518775201612903
exp01_transition_accuracy,0,32,8,64,16,nearest,1.0,0.09778225806451613
exp01_transition_accuracy,0,32,8,64,16,hopfield,0.3515625,0.09778225806451613
exp01_transition_accuracy,0,32,8,128,16,nearest,1.0,0.07406123991935484
exp01_transition_accuracy,0,32,8,128,16,hopfield,0.78125,0.07406123991935484
exp01_transition_accuracy,0,32,8,256,16,nearest,1.0,0.050072454637096774
exp01_transition_accuracy,0,32,8,256,16,hopfield,1.0,0.050072454637096774
exp01_transition_accuracy,0,32,8,512,16,nearest,1.0,0.035069619455645164
exp01_transition_accuracy,0,32,8,512,16,hopfield,1.0,0.035069619455645164
exp01_transition_accuracy,0,64,2,64,16,nearest,1.0,0.10168650793650794
exp01_transition_accuracy,0,64,2,64,16,hopfield,0.375,0.10168650793650794
exp01_transition_accuracy,0,64,2,128,16,nearest,1.0,0.07056826636904762
exp01_transition_accuracy,0,64,2,128,16,hopfield,0.484375,0.07056826636904762
exp01_transition_accuracy,0,64,2,256,16,nearest,1.0,0.049548921130952384
exp01_transition_accuracy,0,64,2,256,16,hopfield,0.6953125,0.049548921130952384
exp01_transition_accuracy,0,64,2,512,16,nearest,1.0,0.034693157862103176
exp01_transition_accuracy,0,64,2,512,16,hopfield,1.0,0.034693157862103176
exp01_transition_accuracy,0,64,4,64,16,nearest,1.0,0.10142299107142858
exp01_transition_accuracy,0,64,4,64,16,hopfield,0.28125,0.10142299107142858
exp01_transition_accuracy,0,64,4,128,16,nearest,1.0,0.07076977926587301
exp01_transition_accuracy,0,64,4,128,16,hopfield,0.41796875,0.07076977926587301
exp01_transition_accuracy,0,64,4,256,16,nearest,1.0,0.051482669890873016
exp01_transition_accuracy,0,64,4,256,16,hopfield,0.59765625,0.051482669890873016
exp01_transition_accuracy,0,64,4,512,16,nearest,1.0,0.03520275297619048
exp01_transition_accuracy,0,64,4,512,16,hopfield,1.0,0.03520275297619048
exp01_transition_accuracy,0,64,8,64,16,nearest,1.0,0.10075644841269842
exp01_transition_accuracy,0,64,8,64,16,hopfield,0.265625,0.10075644841269842
exp01_transition_accuracy,0,64,8,128,16,nearest,1.0,0.0710177951388889
exp01_transition_accuracy,0,64,8,128,16,hopfield,0.419921875,0.0710177951388889
exp01_transition_accuracy,0,64,8,256,16,nearest,1.0,0.051482669890873016
exp01_transition_accuracy,0,64,8,256,16,hopfield,0.681640625,0.051482669890873016
exp01_transition_accuracy,0,64,8,512,16,nearest,1.0,0.03452264694940476
exp01_transition_accuracy,0,64,8,512,16,hopfield,1.0,0.03452264694940476
exp01_transition_accuracy,1,4,2,64,16,nearest,1.0,0.09375
exp01_transition_accuracy,1,4,2,64,16,hopfield,1.0,0.09375
exp01_transition_accuracy,1,4,2,128,16,nearest,1.0,0.0703125
exp01_transition_accuracy,1,4,2,128,16,hopfield,1.0,0.0703125
exp01_transition_accuracy,1,4,2,256,16,nearest,1.0,0.046875
exp01_transition_accuracy,1,4,2,256,16,hopfield,1.0,0.046875
exp01_transition_accuracy,1,4,2,512,16,nearest,1.0,0.03125
exp01_transition_accuracy,1,4,2,512,16,hopfield,1.0,0.03125
exp01_transition_accuracy,1,4,4,64,16,nearest,1.0,0.08333333333333333
exp01_transition_accuracy,1,4,4,64,16,hopfield,1.0,0.08333333333333333
exp01_transition_accuracy,1,4,4,128,16,nearest,1.0,0.078125
exp01_transition_accuracy,1,4,4,128,16,hopfield,1.0,0.078125
exp01_transition_accuracy,1,4,4,256,16,nearest,1.0,0.053385416666666664
exp01_transition_accuracy,1,4,4,256,16,hopfield,1.0,0.053385416666666664
exp01_transition_accuracy,1,4,4,512,16,nearest,1.0,0.034505208333333336
exp01_transition_accuracy,1,4,4,512,16,hopfield,1.0,0.034505208333333336
exp01_transition_accuracy,1,4,8,64,16,nearest,1.0,0.08333333333333333
exp01_transition_accuracy,1,4,8,64,16,hopfield,1.0,0.08333333333333333
exp01_transition_accuracy,1,4,8,128,16,nearest,1.0,0.0546875
exp01_transition_accuracy,1,4,8,128,16,hopfield,1.0,0.0546875
exp01_transition_accuracy,1,4,8,256,16,nearest,1.0,0.055989583333333336
exp01_transition_accuracy,1,4,8,256,16,hopfield,1.0,0.055989583333333336
exp01_transition_accuracy,1,4,8,512,16,nearest,1.0,0.03125
exp01_transition_accuracy,1,4,8,512,16,hopfield,1.0,0.03125
exp01_transition_accuracy,1,8,2,64,16,nearest,1.0,0.10044642857142858
exp01_transition_accuracy,1,8,2,64,16,hopfield,1.0,0.10044642857142858
exp01_transition_accuracy,1,8,2,128,16,nearest,1.0,0.06752232142857142
exp01_transition_accuracy,1,8,2,128,16,hopfield,1.0,0.06752232142857142
exp01_transition_accuracy,1,8,2,256,16,nearest,1.0,0.041015625
exp01_transition_accuracy,1,8,2,256,16,hopfield,1.0,0.041015625
exp01_transition_accuracy,1,8,2,512,16,nearest,1.0,0.03892299107142857
exp01_transition_accuracy,1,8,2,512,16,hopfield,1.0,0.03892299107142857
exp01_transition_accuracy,1,8,4,64,16,nearest,1.0,0.11941964285714286
exp01_transition_accuracy,1,8,4,64,16,hopfield,1.0,0.11941964285714286
exp01_transition_accuracy,1,8,4,128,16,nearest,1.0,0.07868303571428571
exp01_transition_accuracy,1,8,4,128,16,hopfield,1.0,0.07868303571428571
exp01_transition_accuracy,1,8,4,256,16,nearest,1.0,0.041294642857142856
exp01_transition_accuracy,1,8,4,256,16,hopfield,1.0,0.041294642857142856
exp01_transition_accuracy,1,8,4,512,16,nearest,1.0,0.03515625
exp01_transition_accuracy,1,8,4,512,16,hopfield,1.0,0.03515625
exp01_transition_accuracy,1,8,8,64,16,nearest,1.0,0.09486607142857142
exp01_transition_accuracy,1,8,8,64,16,hopfield,1.0,0.09486607142857142
exp01_transition_accuracy,1,8,8,128,16,nearest,1.0,0.07087053571428571
exp01_transition_accuracy,1,8,8,128,16,hopfield,1.0,0.07087053571428571
exp01_transition_accuracy,1,8,8,256,16,nearest,1.0,0.048828125
exp01_transition_accuracy,1,8,8,256,16,hopfield,1.0,0.048828125
exp01_transition_accuracy,1,8,8,512,16,nearest,1.0,0.030412946428571428
exp01_transition_accuracy,1,8,8,512,16,hopfield,1.0,0.030412946428571428
exp01_transition_accuracy,1,16,2,64,16,nearest,1.0,0.10442708333333334
exp01_transition_accuracy,1,16,2,64,16,hopfield,1.0,0.10442708333333334
exp01_transition_accuracy,1,16,2,128,16,nearest,1.0,0.0765625
exp01_transition_accuracy,1,16,2,128,16,hopfield,1.0,0.0765625
exp01_transition_accuracy,1,16,2,256,16,nearest,1.0,0.04895833333333333
exp01_transition_accuracy,1,16,2,256,16,hopfield,1.0,0.04895833333333333
exp01_transition_accuracy,1,16,2,512,16,nearest,1.0,0.030403645833333333
exp01_transition_accuracy,1,16,2,512,16,hopfield,1.0,0.030403645833333333
exp01_transition_accuracy,1,16,4,64,16,nearest,1.0,0.10286458333333333
exp01_transition_accuracy,1,16,4,64,16,hopfield,0.90625,0.10286458333333333
exp01_transition_accuracy,1,16,4,128,16,nearest,1.0,0.071484375
exp01_transition_accuracy,1,16,4,128,16,hopfield,1.0,0.071484375
exp01_transition_accuracy,1,16,4,256,16,nearest,1.0,0.05026041666666667
exp01_transition_accuracy,1,16,4,256,16,hopfield,1.0,0.05026041666666667
exp01_transition_accuracy,1,16,4,512,16,nearest,1.0,0.029850260416666666
exp01_transition_accuracy,1,16,4,512,16,hopfield,1.0,0.029850260416666666
exp01_transition_accuracy,1,16,8,64,16,nearest,1.0,0.10026041666666667
exp01_transition_accuracy,1,16,8,64,16,hopfield,0.8828125,0.10026041666666667
exp01_transition_accuracy,1,16,8,128,16,nearest,1.0,0.075390625
exp01_transition_accuracy,1,16,8,128,16,hopfield,1.0,0.075390625
exp01_transition_accuracy,1,16,8,256,16,nearest,1.0,0.04889322916666667
exp01_transition_accuracy,1,16,8,256,16,hopfield,1.0,0.04889322916666667
exp01_transition_accuracy,1,16,8,512,16,nearest,1.0,0.03177083333333333
exp01_transition_accuracy,1,16,8,512,16,hopfield,1.0,0.03177083333333333
exp01_transition_accuracy,1,32,2,64,16,nearest,1.0,0.10326360887096774
exp01_transition_accuracy,1,32,2,64,16,hopfield,0.28125,0.10326360887096774
exp01_transition_accuracy,1,32,2,128,16,nearest,1.0,0.06999747983870967
exp01_transition_accuracy,1,32,2,128,16,hopfield,0.8125,0.06999747983870967
exp01_transition_accuracy,1,32,2,256,16,nearest,1.0,0.048497353830645164
exp01_transition_accuracy,1,32,2,256,16,hopfield,1.0,0.048497353830645164
exp01_transition_accuracy,1,32,2,512,16,nearest,1.0,0.03687310987903226
exp01_transition_accuracy,1,32,2,512,16,hopfield,1.0,0.03687310987903226
exp01_transition_accuracy,1,32,4,64,16,nearest,1.0,0.10275957661290322
exp01_transition_accuracy,1,32,4,64,16,hopfield,0.4453125,0.10275957661290322
exp01_transition_accuracy,1,32,4,128,16,nearest,1.0,0.06965095766129033
exp01_transition_accuracy,1,32,4,128,16,hopfield,0.8515625,0.06965095766129033
exp01_transition_accuracy,1,32,4,256,16,nearest,1.0,0.04662298387096774
exp01_transition_accuracy,1,32,4,256,16,hopfield,1.0,0.04662298387096774
exp01_transition_accuracy,1,32,4,512,16,nearest,1.0,0.036888860887096774
exp01_transition_accuracy,1,32,4,512,16,hopfield,1.0,0.036888860887096774
exp01_transition_accuracy,1,32,8,64,16,nearest,1.0,0.10005040322580645
exp01_transition_accuracy,1,32,8,64,16,hopfield,0.5234375,0.10005040322580645
exp01_transition_accuracy,1,32,8,128,16,nearest,1.0,0.06823336693548387
exp01_transition_accuracy,1,32,8,128,16,hopfield,0.74609375,0.06823336693548387
exp01_transition_accuracy,1,32,8,256,16,nearest,1.0,0.048150831653225805
exp01_transition_accuracy,1,32,8,256,16,hopfield,1.0,0.048150831653225805
exp01_transition_accuracy,1,32,8,512,16,nearest,1.0,0.03527438256048387
exp01_transition_accuracy,1,32,8,512,16,hopfield,1.0,0.03527438256048387
exp01_transition_accuracy,1,64,2,64,16,nearest,1.0,0.09996589781746032
exp01_transition_accuracy,1,64,2,64,16,hopfield,0.3125,0.09996589781746032
exp01_transition_accuracy,1,64,2,128,16,nearest,1.0,0.06843687996031746
exp01_transition_accuracy,1,64,2,128,16,hopfield,0.5,0.06843687996031746
exp01_transition_accuracy,1,64,2,256,16,nearest,1.0,0.050595238095238096
exp01_transition_accuracy,1,64,2,256,16,hopfield,0.4765625,0.050595238095238096
exp01_transition_accuracy,1,64,2,512,16,nearest,1.0,0.035952613467261904
exp01_transition_accuracy,1,64,2,512,16,hopfield,1.0,0.035952613467261904
exp01_transition_accuracy,1,64,4,64,16,nearest,1.0,0.09936135912698413
exp01_transition_accuracy,1,64,4,64,16,hopfield,0.3359375,0.09936135912698413
exp01_transition_accuracy,1,64,4,128,16,nearest,1.0,0.0682586185515873
exp01_transition_accuracy,1,64,4,128,16,hopfield,0.5625,0.0682586185515873
exp01_transition_accuracy,1,64,4,256,16,nearest,1.0,0.049661303323412696
exp01_transition_accuracy,1,64,4,256,16,hopfield,0.5859375,0.049661303323412696
exp01_transition_accuracy,1,64,4,512,16,nearest,1.0,0.03579954117063492
exp01_transition_accuracy,1,64,4,512,16,hopfield,1.0,0.03579954117063492
exp01_transition_accuracy,1,64,8,64,16,nearest,1.0,0.09847780257936507
exp01_transition_accuracy,1,64,8,64,16,hopfield,0.29296875,0.09847780257936507
exp01_transition_accuracy,1,64,8,128,16,nearest,1.0,0.0682741195436508
exp01_transition_accuracy,1,64,8,128,16,hopfield,0.533203125,0.0682741195436508
exp01_transition_accuracy,1,64,8,256,16,nearest,1.0,0.050048828125
exp01_transition_accuracy,1,64,8,256,16,hopfield,0.634765625,0.050048828125
exp01_transition_accuracy,1,64,8,512,16,nearest,1.0,0.03568134610615079
exp01_transition_accuracy,1,64,8,512,16,hopfield,1.0,0.03568134610615079
exp01_transition_accuracy,2,4,2,64,16,nearest,1.0,0.07291666666666667
exp01_transition_accuracy,2,4,2,64,16,hopfield,1.0,0.07291666666666667
exp01_transition_accuracy,2,4,2,128,16,nearest,1.0,0.044270833333333336
exp01_transition_accuracy,2,4,2,128,16,hopfield,1.0,0.044270833333333336
exp01_transition_accuracy,2,4,2,256,16,nearest,1.0,0.0859375
exp01_transition_accuracy,2,4,2,256,16,hopfield,1.0,0.0859375
exp01_transition_accuracy,2,4,2,512,16,nearest,1.0,0.0390625
exp01_transition_accuracy,2,4,2,512,16,hopfield,1.0,0.0390625
exp01_transition_accuracy,2,4,4,64,16,nearest,1.0,0.052083333333333336
exp01_transition_accuracy,2,4,4,64,16,hopfield,1.0,0.052083333333333336
exp01_transition_accuracy,2,4,4,128,16,nearest,1.0,0.049479166666666664
exp01_transition_accuracy,2,4,4,128,16,hopfield,1.0,0.049479166666666664
exp01_transition_accuracy,2,4,4,256,16,nearest,1.0,0.08203125
exp01_transition_accuracy,2,4,4,256,16,hopfield,1.0,0.08203125
exp01_transition_accuracy,2,4,4,512,16,nearest,1.0,0.037760416666666664
exp01_transition_accuracy,2,4,4,512,16,hopfield,1.0,0.037760416666666664
exp01_transition_accuracy,2,4,8,64,16,nearest,1.0,0.046875
exp01_transition_accuracy,2,4,8,64,16,hopfield,1.0,0.046875
exp01_transition_accuracy,2,4,8,128,16,nearest,1.0,0.046875
exp01_transition_accuracy,2,4,8,128,16,hopfield,1.0,0.046875
exp01_transition_accuracy,2,4,8,256,16,nearest,1.0,0.07421875
exp01_transition_accuracy,2,4,8,256,16,hopfield,1.0,0.07421875
exp01_transition_accuracy,2,4,8,512,16,nearest,1.0,0.038411458333333336
exp01_transition_accuracy,2,4,8,512,16,hopfield,1.0,0.038411458333333336
exp01_transition_accuracy,2,8,2,64,16,nearest,1.0,0.06584821428571429
exp01_transition_accuracy,2,8,2,64,16,hopfield,1.0,0.06584821428571429
exp01_transition_accuracy,2,8,2,128,16,nearest,1.0,0.07087053571428571
exp01_transition_accuracy,2,8,2,128,16,hopfield,1.0,0.07087053571428571
exp01_transition_accuracy,2,8,2,256,16,nearest,1.0,0.06194196428571429
exp01_transition_accuracy,2,8,2,256,16,hopfield,1.0,0.06194196428571429
exp01_transition_accuracy,2,8,2,512,16,nearest,1.0,0.037109375
exp01_transition_accuracy,2,8,2,512,16,hopfield,1.0,0.037109375
exp01_transition_accuracy,2,8,4,64,16,nearest,1.0,0.07589285714285714
exp01_transition_accuracy,2,8,4,64,16,hopfield,1.0,0.07589285714285714
exp01_transition_accuracy,2,8,4,128,16,nearest,1.0,0.06529017857142858
exp01_transition_accuracy,2,8,4,128,16,hopfield,1.0,0.06529017857142858
exp01_transition_accuracy,2,8,4,256,16,nearest,1.0,0.05943080357142857
exp01_transition_accuracy,2,8,4,256,16,hopfield,1.0,0.05943080357142857
exp01_transition_accuracy,2,8,4,512,16,nearest,1.0,0.03724888392857143
exp01_transition_accuracy,2,8,4,512,16,hopfield,1.0,0.03724888392857143
exp01_transition_accuracy,2,8,8,64,16,nearest,1.0,0.0859375
exp01_transition_accuracy,2,8,8,64,16,hopfield,1.0,0.0859375
exp01_transition_accuracy,2,8,8,128,16,nearest,1.0,0.07589285714285714
exp01_transition_accuracy,2,8,8,128,16,hopfield,1.0,0.07589285714285714
exp01_transition_accuracy,2,8,8,256,16,nearest,1.0,0.05161830357142857
exp01_transition_accuracy,2,8,8,256,16,hopfield,1.0,0.05161830357142857
exp01_transition_accuracy,2,8,8,512,16,nearest,1.0,0.03627232142857143
exp01_transition_accuracy,2,8,8,512,16,hopfield,1.0,0.03627232142857143
exp01_transition_accuracy,2,16,2,64,16,nearest,1.0,0.09453125
exp01_transition_accuracy,2,16,2,64,16,hopfield,0.90625,0.09453125
exp01_transition_accuracy,2,16,2,128,16,nearest,1.0,0.07591145833333333
exp01_transition_accuracy,2,16,2,128,16,hopfield,1.0,0.07591145833333333
exp01_transition_accuracy,2,16,2,256,16,nearest,1.0,0.05266927083333333
exp01_transition_accuracy,2,16,2,256,16,hopfield,1.0,0.05266927083333333
exp01_transition_accuracy,2,16,2,512,16,nearest,1.0,0.033854166666666664
exp01_transition_accuracy,2,16,2,512,16,hopfield,1.0,0.033854166666666664
exp01_transition_accuracy,2,16,4,64,16,nearest,1.0,0.10208333333333333
exp01_transition_accuracy,2,16,4,64,16,hopfield,0.75,0.10208333333333333
exp01_transition_accuracy,2,16,4,128,16,nearest,1.0,0.073046875
exp01_transition_accuracy,2,16,4,128,16,hopfield,1.0,0.073046875
exp01_transition_accuracy,2,16,4,256,16,nearest,1.0,0.053125
exp01_transition_accuracy,2,16,4,256,16,hopfield,1.0,0.053125
exp01_transition_accuracy,2,16,4,512,16,nearest,1.0,0.034407552083333334
exp01_transition_accuracy,2,16,4,512,16,hopfield,1.0,0.034407552083333334
exp01_transition_accuracy,2,16,8,64,16,nearest,1.0,0.10130208333333333
exp01_transition_accuracy,2,16,8,64,16,hopfield,0.8515625,0.10130208333333333
exp01_transition_accuracy,2,16,8,128,16,nearest,1.0,0.08216145833333334
exp01_transition_accuracy,2,16,8,128,16,hopfield,0.9296875,0.08216145833333334
exp01_transition_accuracy,2,16,8,256,16,nearest,1.0,0.050520833333333334
exp01_transition_accuracy,2,16,8,256,16,hopfield,1.0,0.050520833333333334
exp01_transition_accuracy,2,16,8,512,16,nearest,1.0,0.03671875
exp01_transition_accuracy,2,16,8,512,16,hopfield,1.0,0.03671875
exp01_transition_accuracy,2,32,2,64,16,nearest,1.0,0.10817792338709678
exp01_transition_accuracy,2,32,2,64,16,hopfield,0.359375,0.10817792338709678
exp01_transition_accuracy,2,32,2,128,16,nearest,1.0,0.07125756048387097
exp01_transition_accuracy,2,32,2,128,16,hopfield,0.578125,0.07125756048387097
exp01_transition_accuracy,2,32,2,256,16,nearest,1.0,0.04934790826612903
exp01_transition_accuracy,2,32,2,256,16,hopfield,1.0,0.04934790826612903
exp01_transition_accuracy,2,32,2,512,16,nearest,1.0,0.03512474798387097
exp01_transition_accuracy,2,32,2,512,16,hopfield,1.0,0.03512474798387097
exp01_transition_accuracy,2,32,4,64,16,nearest,1.0,0.10729586693548387
exp01_transition_accuracy,2,32,4,64,16,hopfield,0.375,0.10729586693548387
exp01_transition_accuracy,2,32,4,128,16,nearest,1.0,0.07069052419354839
exp01_transition_accuracy,2,32,4,128,16,hopfield,0.7578125,0.07069052419354839
exp01_transition_accuracy,2,32,4,256,16,nearest,1.0,0.05103326612903226
exp01_transition_accuracy,2,32,4,256,16,hopfield,1.0,0.05103326612903226
exp01_transition_accuracy,2,32,4,512,16,nearest,1.0,0.035983177923387094
exp01_transition_accuracy,2,32,4,512,16,hopfield,1.0,0.035983177923387094
exp01_transition_accuracy,2,32,8,64,16,nearest,1.0,0.10685483870967742
exp01_transition_accuracy,2,32,8,64,16,hopfield,0.41796875,0.10685483870967742
exp01_transition_accuracy,2,32,8,128,16,nearest,1.0,0.07062752016129033
exp01_transition_accuracy,2,32,8,128,16,hopfield,0.75390625,0.07062752016129033
exp01_transition_accuracy,2,32,8,256,16,nearest,1.0,0.05035597278225806
exp01_transition_accuracy,2,32,8,256,16,hopfield,1.0,0.05035597278225806
exp01_transition_accuracy,2,32,8,512,16,nearest,1.0,0.03675497731854839
exp01_transition_accuracy,2,32,8,512,16,hopfield,1.0,0.03675497731854839
exp01_transition_accuracy,2,64,2,64,16,nearest,1.0,0.10140749007936507
exp01_transition_accuracy,2,64,2,64,16,hopfield,0.28125,0.10140749007936507
exp01_transition_accuracy,2,64,2,128,16,nearest,1.0,0.07127356150793651
exp01_transition_accuracy,2,64,2,128,16,hopfield,0.2890625,0.07127356150793651
exp01_transition_accuracy,2,64,2,256,16,nearest,1.0,0.050684368799603176
exp01_transition_accuracy,2,64,2,256,16,hopfield,0.7890625,0.050684368799603176
exp01_transition_accuracy,2,64,2,512,16,nearest,1.0,0.034890795510912696
exp01_transition_accuracy,2,64,2,512,16,hopfield,1.0,0.034890795510912696
exp01_transition_accuracy,2,64,4,64,16,nearest,1.0,0.1011594742063492
exp01_transition_accuracy,2,64,4,64,16,hopfield,0.40234375,0.1011594742063492
exp01_transition_accuracy,2,64,4,128,16,nearest,1.0,0.07112630208333333
exp01_transition_accuracy,2,64,4,128,16,hopfield,0.42578125,0.07112630208333333
exp01_transition_accuracy,2,64,4,256,16,nearest,1.0,0.050614614335317464
exp01_transition_accuracy,2,64,4,256,16,hopfield,0.80078125,0.050614614335317464
exp01_transition_accuracy,2,64,4,512,16,nearest,1.0,0.03481716579861111
exp01_transition_accuracy,2,64,4,512,16,hopfield,1.0,0.03481716579861111
exp01_transition_accuracy,2,64,8,64,16,nearest,1.0,0.10181051587301587
exp01_transition_accuracy,2,64,8,64,16,hopfield,0.337890625,0.10181051587301587
exp01_transition_accuracy,2,64,8,128,16,nearest,1.0,0.07118055555555555
exp01_transition_accuracy,2,64,8,128,16,hopfield,0.44140625,0.07118055555555555
exp01_transition_accuracy,2,64,8,256,16,nearest,1.0,0.050238715277777776
exp01_transition_accuracy,2,64,8,256,16,hopfield,0.796875,0.050238715277777776
exp01_transition_accuracy,2,64,8,512,16,nearest,1.0,0.03513687375992063
exp01_transition_accuracy,2,64,8,512,16,hopfield,1.0,0.03513687375992063
exp01_transition_accuracy,3,4,2,64,16,nearest,1.0,0.109375
exp01_transition_accuracy,3,4,2,64,16,hopfield,1.0,0.109375
exp01_transition_accuracy,3,4,2,128,16,nearest,1.0,0.049479166666666664
exp01_transition_accuracy,3,4,2,128,16,hopfield,1.0,0.049479166666666664
exp01_transition_accuracy,3,4,2,256,16,nearest,1.0,0.0234375
exp01_transition_accuracy,3,4,2,256,16,hopfield,1.0,0.0234375
exp01_transition_accuracy,3,4,2,512,16,nearest,1.0,0.013020833333333334
exp01_transition_accuracy,3,4,2,512,16,hopfield,1.0,0.013020833333333334
exp01_transition_accuracy,3,4,4,64,16,nearest,1.0,0.10416666666666667
exp01_transition_accuracy,3,4,4,64,16,hopfield,1.0,0.10416666666666667
exp01_transition_accuracy,3,4,4,128,16,nearest,1.0,0.052083333333333336
exp01_transition_accuracy,3,4,4,128,16,hopfield,1.0,0.052083333333333336
exp01_transition_accuracy,3,4,4,256,16,nearest,1.0,0.0390625
exp01_transition_accuracy,3,4,4,256,16,hopfield,1.0,0.0390625
exp01_transition_accuracy,3,4,4,512,16,nearest,1.0,0.015625
exp01_transition_accuracy,3,4,4,512,16,hopfield,1.0,0.015625
exp01_transition_accuracy,3,4,8,64,16,nearest,1.0,0.109375
exp01_transition_accuracy,3,4,8,64,16,hopfield,1.0,0.109375
exp01_transition_accuracy,3,4,8,128,16,nearest,1.0,0.08854166666666667
exp01_transition_accuracy,3,4,8,128,16,hopfield,1.0,0.08854166666666667
exp01_transition_accuracy,3,4,8,256,16,nearest,1.0,0.026041666666666668
exp01_transition_accuracy,3,4,8,256,16,hopfield,1.0,0.026041666666666668
exp01_transition_accuracy,3,4,8,512,16,nearest,1.0,0.024088541666666668
exp01_transition_accuracy,3,4,8,512,16,hopfield,1.0,0.024088541666666668
exp01_transition_accuracy,3,8,2,64,16,nearest,1.0,0.10491071428571429
exp01_transition_accuracy,3,8,2,64,16,hopfield,1.0,0.10491071428571429
exp01_transition_accuracy,3,8,2,128,16,nearest,1.0,0.06696428571428571
exp01_transition_accuracy,3,8,2,128,16,hopfield,1.0,0.06696428571428571
exp01_transition_accuracy,3,8,2,256,16,nearest,1.0,0.03962053571428571
exp01_transition_accuracy,3,8,2,256,16,hopfield,1.0,0.03962053571428571
exp01_transition_accuracy,3,8,2,512,16,nearest,1.0,0.033900669642857144
exp01_transition_accuracy,3,8,2,512,16,hopfield,1.0,0.033900669642857144
exp01_transition_accuracy,3,8,4,64,16,nearest,1.0,0.10044642857142858
exp01_transition_accuracy,3,8,4,64,16,hopfield,1.0,0.10044642857142858
exp01_transition_accuracy,3,8,4,128,16,nearest,1.0,0.06584821428571429
exp01_transition_accuracy,3,8,4,128,16,hopfield,1.0,0.06584821428571429
exp01_transition_accuracy,3,8,4,256,16,nearest,1.0,0.039341517857142856
exp01_transition_accuracy,3,8,4,256,16,hopfield,1.0,0.039341517857142856
exp01_transition_accuracy,3,8,4,512,16,nearest,1.0,0.03599330357142857
exp01_transition_accuracy,3,8,4,512,16,hopfield,1.0,0.03599330357142857
exp01_transition_accuracy,3,8,8,64,16,nearest,1.0,0.09598214285714286
exp01_transition_accuracy,3,8,8,64,16,hopfield,1.0,0.09598214285714286
exp01_transition_accuracy,3,8,8,128,16,nearest,1.0,0.07087053571428571
exp01_transition_accuracy,3,8,8,128,16,hopfield,1.0,0.07087053571428571
exp01_transition_accuracy,3,8,8,256,16,nearest,1.0,0.046595982142857144
exp01_transition_accuracy,3,8,8,256,16,hopfield,1.0,0.046595982142857144
exp01_transition_accuracy,3,8,8,512,16,nearest,1.0,0.03655133928571429
exp01_transition_accuracy,3,8,8,512,16,hopfield,1.0,0.03655133928571429
exp01_transition_accuracy,3,16,2,64,16,nearest,1.0,0.09114583333333333
exp01_transition_accuracy,3,16,2,64,16,hopfield,0.875,0.09114583333333333
exp01_transition_accuracy,3,16,2,128,16,nearest,1.0,0.07044270833333334
exp01_transition_accuracy,3,16,2,128,16,hopfield,1.0,0.07044270833333334
exp01_transition_accuracy,3,16,2,256,16,nearest,1.0,0.04674479166666667
exp01_transition_accuracy,3,16,2,256,16,hopfield,1.0,0.04674479166666667
exp01_transition_accuracy,3,16,2,512,16,nearest,1.0,0.03310546875
exp01_transition_accuracy,3,16,2,512,16,hopfield,1.0,0.03310546875
exp01_transition_accuracy,3,16,4,64,16,nearest,1.0,0.09869791666666666
exp01_transition_accuracy,3,16,4,64,16,hopfield,0.8125,0.09869791666666666
exp01_transition_accuracy,3,16,4,128,16,nearest,1.0,0.07330729166666666
exp01_transition_accuracy,3,16,4,128,16,hopfield,1.0,0.07330729166666666
exp01_transition_accuracy,3,16,4,256,16,nearest,1.0,0.05130208333333333
exp01_transition_accuracy,3,16,4,256,16,hopfield,1.0,0.05130208333333333
exp01_transition_accuracy,3,16,4,512,16,nearest,1.0,0.03421223958333333
exp01_transition_accuracy,3,16,4,512,16,hopfield,1.0,0.03421223958333333
exp01_transition_accuracy,3,16,8,64,16,nearest,1.0,0.09661458333333334
exp01_transition_accuracy,3,16,8,64,16,hopfield,1.0,0.09661458333333334
exp01_transition_accuracy,3,16,8,128,16,nearest,1.0,0.07213541666666666
exp01_transition_accuracy,3,16,8,128,16,hopfield,1.0,0.07213541666666666
exp01_transition_accuracy,3,16,8,256,16,nearest,1.0,0.051041666666666666
exp01_transition_accuracy,3,16,8,256,16,hopfield,1.0,0.051041666666666666
exp01_transition_accuracy,3,16,8,512,16,nearest,1.0,0.032942708333333334
exp01_transition_accuracy,3,16,8,512,16,hopfield,1.0,0.032942708333333334
exp01_transition_accuracy,3,32,2,64,16,nearest,1.0,0.10515372983870967
exp01_transition_accuracy,3,32,2,64,16,hopfield,0.3125,0.10515372983870967
exp01_transition_accuracy,3,32,2,128,16,nearest,1.0,0.07132056451612903
exp01_transition_accuracy,3,32,2,128,16,hopfield,0.765625,0.07132056451612903
exp01_transition_accuracy,3,32,2,256,16,nearest,1.0,0.04937941028225806
exp01_transition_accuracy,3,32,2,256,16,hopfield,1.0,0.04937941028225806
exp01_transition_accuracy,3,32,2,512,16,nearest,1.0,0.03351814516129032
exp01_transition_accuracy,3,32,2,512,16,hopfield,1.0,0.03351814516129032
exp01_transition_accuracy,3,32,4,64,16,nearest,1.0,0.10584677419354839
exp01_transition_accuracy,3,32,4,64,16,hopfield,0.4921875,0.10584677419354839
exp01_transition_accuracy,3,32,4,128,16,nearest,1.0,0.07232862903225806
exp01_transition_accuracy,3,32,4,128,16,hopfield,0.6640625,0.07232862903225806
exp01_transition_accuracy,3,32,4,256,16,nearest,1.0,0.04885962701612903
exp01_transition_accuracy,3,32,4,256,16,hopfield,1.0,0.04885962701612903
exp01_transition_accuracy,3,32,4,512,16,nearest,1.0,0.034478956653225805
exp01_transition_accuracy,3,32,4,512,16,hopfield,1.0,0.034478956653225805
exp01_transition_accuracy,3,32,8,64,16,nearest,1.0,0.10565776209677419
exp01_transition_accuracy,3,32,8,64,16,hopfield,0.609375,0.10565776209677419
exp01_transition_accuracy,3,32,8,128,16,nearest,1.0,0.07154107862903226
exp01_transition_accuracy,3,32,8,128,16,hopfield,0.73046875,0.07154107862903226
exp01_transition_accuracy,3,32,8,256,16,nearest,1.0,0.04810357862903226
exp01_transition_accuracy,3,32,8,256,16,hopfield,1.0,0.04810357862903226
exp01_transition_accuracy,3,32,8,512,16,nearest,1.0,0.034400201612903226
exp01_transition_accuracy,3,32,8,512,16,hopfield,1.0,0.034400201612903226
exp01_transition_accuracy,3,64,2,64,16,nearest,1.0,0.10171750992063493
exp01_transition_accuracy,3,64,2,64,16,hopfield,0.34375,0.10171750992063493
exp01_transition_accuracy,3,64,2,128,16,nearest,1.0,0.07093253968253968
exp01_transition_accuracy,3,64,2,128,16,hopfield,0.4140625,0.07093253968253968
exp01_transition_accuracy,3,64,2,256,16,nearest,1.0,0.04940941220238095
exp01_transition_accuracy,3,64,2,256,16,hopfield,0.6328125,0.04940941220238095
exp01_transition_accuracy,3,64,2,512,16,nearest,1.0,0.034731910342261904
exp01_transition_accuracy,3,64,2,512,16,hopfield,1.0,0.034731910342261904
exp01_transition_accuracy,3,64,4,64,16,nearest,1.0,0.10154699900793651
exp01_transition_accuracy,3,64,4,64,16,hopfield,0.3828125,0.10154699900793651
exp01_transition_accuracy,3,64,4,128,16,nearest,1.0,0.07077752976190477
exp01_transition_accuracy,3,64,4,128,16,hopfield,0.296875,0.07077752976190477
exp01_transition_accuracy,3,64,4,256,16,nearest,1.0,0.04940941220238095
exp01_transition_accuracy,3,64,4,256,16,hopfield,0.796875,0.04940941220238095
exp01_transition_accuracy,3,64,4,512,16,nearest,1.0,0.03500705295138889
exp01_transition_accuracy,3,64,4,512,16,hopfield,1.0,0.03500705295138889
exp01_transition_accuracy,3,64,8,64,16,nearest,1.0,0.10119047619047619
exp01_transition_accuracy,3,64,8,64,16,hopfield,0.44921875,0.10119047619047619
exp01_transition_accuracy,3,64,8,128,16,nearest,1.0,0.07087828621031746
exp01_transition_accuracy,3,64,8,128,16,hopfield,0.353515625,0.07087828621031746
exp01_transition_accuracy,3,64,8,256,16,nearest,1.0,0.049328031994047616
exp01_transition_accuracy,3,64,8,256,16,hopfield,0.7578125,0.049328031994047616
exp01_transition_accuracy,3,64,8,512,16,nearest,1.0,0.034478081597222224
exp01_transition_accuracy,3,64,8,512,16,hopfield,1.0,0.034478081597222224
exp01_transition_accuracy,4,4,2,64,16,nearest,1.0,0.0625
exp01_transition_accuracy,4,4,2,64,16,hopfield,1.0,0.0625
exp01_transition_accuracy,4,4,2,128,16,nearest,1.0,0.041666666666666664
exp01_transition_accuracy,4,4,2,128,16,hopfield,1.0,0.041666666666666664
exp01_transition_accuracy,4,4,2,256,16,nearest,1.0,0.0546875
exp01_transition_accuracy,4,4,2,256,16,hopfield,1.0,0.0546875
exp01_transition_accuracy,4,4,2,512,16,nearest,1.0,0.037109375
exp01_transition_accuracy,4,4,2,512,16,hopfield,1.0,0.037109375
exp01_transition_accuracy,4,4,4,64,16,nearest,1.0,0.09375
exp01_transition_accuracy,4,4,4,64,16,hopfield,1.0,0.09375
exp01_transition_accuracy,4,4,4,128,16,nearest,1.0,0.036458333333333336
exp01_transition_accuracy,4,4,4,128,16,hopfield,1.0,0.036458333333333336
exp01_transition_accuracy,4,4,4,256,16,nearest,1.0,0.049479166666666664
exp01_transition_accuracy,4,4,4,256,16,hopfield,1.0,0.049479166666666664
exp01_transition_accuracy,4,4,4,512,16,nearest,1.0,0.041666666666666664
exp01_transition_accuracy,4,4,4,512,16,hopfield,1.0,0.041666666666666664
exp01_transition_accuracy,4,4,8,64,16,nearest,1.0,0.10416666666666667
exp01_transition_accuracy,4,4,8,64,16,hopfield,1.0,0.10416666666666667
exp01_transition_accuracy,4,4,8,128,16,nearest,1.0,0.046875
exp01_transition_accuracy,4,4,8,128,16,hopfield,1.0,0.046875
exp01_transition_accuracy,4,4,8,256,16,nearest,1.0,0.05078125
exp01_transition_accuracy,4,4,8,256,16,hopfield,1.0,0.05078125
exp01_transition_accuracy,4,4,8,512,16,nearest,1.0,0.039713541666666664
exp01_transition_accuracy,4,4,8,512,16,hopfield,1.0,0.039713541666666664
exp01_transition_accuracy,4,8,2,64,16,nearest,1.0,0.08928571428571429
exp01_transition_accuracy,4,8,2,64,16,hopfield,1.0,0.08928571428571429
exp01_transition_accuracy,4,8,2,128,16,nearest,1.0,0.07700892857142858
exp01_transition_accuracy,4,8,2,128,16,hopfield,1.0,0.07700892857142858
exp01_transition_accuracy,4,8,2,256,16,nearest,1.0,0.040736607142857144
exp01_transition_accuracy,4,8,2,256,16,hopfield,1.0,0.040736607142857144
exp01_transition_accuracy,4,8,2,512,16,nearest,1.0,0.03989955357142857
exp01_transition_accuracy,4,8,2,512,16,hopfield,1.0,0.03989955357142857
exp01_transition_accuracy,4,8,4,64,16,nearest,1.0,0.08705357142857142
exp01_transition_accuracy,4,8,4,64,16,hopfield,1.0,0.08705357142857142
exp01_transition_accuracy,4,8,4,128,16,nearest,1.0,0.07310267857142858
exp01_transition_accuracy,4,8,4,128,16,hopfield,1.0,0.07310267857142858
exp01_transition_accuracy,4,8,4,256,16,nearest,1.0,0.03599330357142857
exp01_transition_accuracy,4,8,4,256,16,hopfield,1.0,0.03599330357142857
exp01_transition_accuracy,4,8,4,512,16,nearest,1.0,0.037388392857142856
exp01_transition_accuracy,4,8,4,512,16,hopfield,1.0,0.037388392857142856
exp01_transition_accuracy,4,8,8,64,16,nearest,1.0,0.09040178571428571
exp01_transition_accuracy,4,8,8,64,16,hopfield,1.0,0.09040178571428571
exp01_transition_accuracy,4,8,8,128,16,nearest,1.0,0.07477678571428571
exp01_transition_accuracy,4,8,8,128,16,hopfield,1.0,0.07477678571428571
exp01_transition_accuracy,4,8,8,256,16,nearest,1.0,0.03655133928571429
exp01_transition_accuracy,4,8,8,256,16,hopfield,1.0,0.03655133928571429
exp01_transition_accuracy,4,8,8,512,16,nearest,1.0,0.03362165178571429
exp01_transition_accuracy,4,8,8,512,16,hopfield,1.0,0.03362165178571429
exp01_transition_accuracy,4,16,2,64,16,nearest,1.0,0.08880208333333334
exp01_transition_accuracy,4,16,2,64,16,hopfield,0.875,0.08880208333333334
exp01_transition_accuracy,4,16,2,128,16,nearest,1.0,0.07565104166666667
exp01_transition_accuracy,4,16,2,128,16,hopfield,1.0,0.07565104166666667
exp01_transition_accuracy,4,16,2,256,16,nearest,1.0,0.045703125
exp01_transition_accuracy,4,16,2,256,16,hopfield,1.0,0.045703125
exp01_transition_accuracy,4,16,2,512,16,nearest,1.0,0.03369140625
exp01_transition_accuracy,4,16,2,512,16,hopfield,1.0,0.03369140625
exp01_transition_accuracy,4,16,4,64,16,nearest,1.0,0.09791666666666667
exp01_transition_accuracy,4,16,4,64,16,hopfield,0.734375,0.09791666666666667
exp01_transition_accuracy,4,16,4,128,16,nearest,1.0,0.07096354166666667
exp01_transition_accuracy,4,16,4,128,16,hopfield,1.0,0.07096354166666667
exp01_transition_accuracy,4,16,4,256,16,nearest,1.0,0.04641927083333333
exp01_transition_accuracy,4,16,4,256,16,hopfield,1.0,0.04641927083333333
exp01_transition_accuracy,4,16,4,512,16,nearest,1.0,0.03076171875
exp01_transition_accuracy,4,16,4,512,16,hopfield,1.0,0.03076171875
exp01_transition_accuracy,4,16,8,64,16,nearest,1.0,0.10677083333333333
exp01_transition_accuracy,4,16,8,64,16,hopfield,0.6875,0.10677083333333333
exp01_transition_accuracy,4,16,8,128,16,nearest,1.0,0.07526041666666666
exp01_transition_accuracy,4,16,8,128,16,hopfield,1.0,0.07526041666666666
exp01_transition_accuracy,4,16,8,256,16,nearest,1.0,0.047135416666666666
exp01_transition_accuracy,4,16,8,256,16,hopfield,1.0,0.047135416666666666
exp01_transition_accuracy,4,16,8,512,16,nearest,1.0,0.03154296875
exp01_transition_accuracy,4,16,8,512,16,hopfield,1.0,0.03154296875
exp01_transition_accuracy,4,32,2,64,16,nearest,1.0,0.09885332661290322
exp01_transition_accuracy,4,32,2,64,16,hopfield,0.65625,0.09885332661290322
exp01_transition_accuracy,4,32,2,128,16,nearest,1.0,0.07305317540322581
exp01_transition_accuracy,4,32,2,128,16,hopfield,0.75,0.07305317540322581
exp01_transition_accuracy,4,32,2,256,16,nearest,1.0,0.04701675907258065
exp01_transition_accuracy,4,32,2,256,16,hopfield,1.0,0.04701675907258065
exp01_transition_accuracy,4,32,2,512,16,nearest,1.0,0.033951297883064516
exp01_transition_accuracy,4,32,2,512,16,hopfield,1.0,0.033951297883064516
exp01_transition_accuracy,4,32,4,64,16,nearest,1.0,0.09967237903225806
exp01_transition_accuracy,4,32,4,64,16,hopfield,0.40625,0.09967237903225806
exp01_transition_accuracy,4,32,4,128,16,nearest,1.0,0.07339969758064516
exp01_transition_accuracy,4,32,4,128,16,hopfield,0.734375,0.07339969758064516
exp01_transition_accuracy,4,32,4,256,16,nearest,1.0,0.047174269153225805
exp01_transition_accuracy,4,32,4,256,16,hopfield,1.0,0.047174269153225805
exp01_transition_accuracy,4,32,4,512,16,nearest,1.0,0.03523500504032258
exp01_transition_accuracy,4,32,4,512,16,hopfield,1.0,0.03523500504032258
exp01_transition_accuracy,4,32,8,64,16,nearest,1.0,0.09702620967741936
exp01_transition_accuracy,4,32,8,64,16,hopfield,0.68359375,0.09702620967741936
exp01_transition_accuracy,4,32,8,128,16,nearest,1.0,0.0733366935483871
exp01_transition_accuracy,4,32,8,128,16,hopfield,0.58984375,0.0733366935483871
exp01_transition_accuracy,4,32,8,256,16,nearest,1.0,0.04704826108870968
exp01_transition_accuracy,4,32,8,256,16,hopfield,1.0,0.04704826108870968
exp01_transition_accuracy,4,32,8,512,16,nearest,1.0,0.03563665574596774
exp01_transition_accuracy,4,32,8,512,16,hopfield,1.0,0.03563665574596774
exp01_transition_accuracy,4,64,2,64,16,nearest,1.0,0.09871031746031746
exp01_transition_accuracy,4,64,2,64,16,hopfield,0.234375,0.09871031746031746
exp01_transition_accuracy,4,64,2,128,16,nearest,1.0,0.07109530009920635
exp01_transition_accuracy,4,64,2,128,16,hopfield,0.625,0.07109530009920635
exp01_transition_accuracy,4,64,2,256,16,nearest,1.0,0.04933965773809524
exp01_transition_accuracy,4,64,2,256,16,hopfield,0.6875,0.04933965773809524
exp01_transition_accuracy,4,64,2,512,16,nearest,1.0,0.03522600446428571
exp01_transition_accuracy,4,64,2,512,16,hopfield,1.0,0.03522600446428571
exp01_transition_accuracy,4,64,4,64,16,nearest,1.0,0.09793526785714286
exp01_transition_accuracy,4,64,4,64,16,hopfield,0.16796875,0.09793526785714286
exp01_transition_accuracy,4,64,4,128,16,nearest,1.0,0.07095579117063493
exp01_transition_accuracy,4,64,4,128,16,hopfield,0.5390625,0.07095579117063493
exp01_transition_accuracy,4,64,4,256,16,nearest,1.0,0.048925006200396824
exp01_transition_accuracy,4,64,4,256,16,hopfield,0.76171875,0.048925006200396824
exp01_transition_accuracy,4,64,4,512,16,nearest,1.0,0.035003177703373016
exp01_transition_accuracy,4,64,4,512,16,hopfield,1.0,0.035003177703373016
exp01_transition_accuracy,4,64,8,64,16,nearest,1.0,0.09799727182539683
exp01_transition_accuracy,4,64,8,64,16,hopfield,0.28125,0.09799727182539683
exp01_transition_accuracy,4,64,8,128,16,nearest,1.0,0.07078528025793651
exp01_transition_accuracy,4,64,8,128,16,hopfield,0.533203125,0.07078528025793651
exp01_transition_accuracy,4,64,8,256,16,nearest,1.0,0.048905629960317464
exp01_transition_accuracy,4,64,8,256,16,hopfield,0.861328125,0.048905629960317464
exp01_transition_accuracy,4,64,8,512,16,nearest,1.0,0.036012679811507936
exp01_transition_accuracy,4,64,8,512,16,hopfield,1.0,0.036012679811507936
exp01_transition_accuracy,5,4,2,64,16,nearest,1.0,0.13541666666666666
exp01_transition_accuracy,5,4,2,64,16,hopfield,1.0,0.13541666666666666
exp01_transition_accuracy,5,4,2,128,16,nearest,1.0,0.13020833333333334
exp01_transition_accuracy,5,4,2,128,16,hopfield,1.0,0.13020833333333334
exp01_transition_accuracy,5,4,2,256,16,nearest,1.0,0.02734375
exp01_transition_accuracy,5,4,2,256,16,hopfield,1.0,0.02734375
exp01_transition_accuracy,5,4,2,512,16,nearest,1.0,0.01953125
exp01_transition_accuracy,5,4,2,512,16,hopfield,1.0,0.01953125
exp01_transition_accuracy,5,4,4,64,16,nearest,1.0,0.11458333333333333
exp01_transition_accuracy,5,4,4,64,16,hopfield,1.0,0.11458333333333333
exp01_transition_accuracy,5,4,4,128,16,nearest,1.0,0.11458333333333333
exp01_transition_accuracy,5,4,4,128,16,hopfield,1.0,0.11458333333333333
exp01_transition_accuracy,5,4,4,256,16,nearest,1.0,0.022135416666666668
exp01_transition_accuracy,5,4,4,256,16,hopfield,1.0,0.022135416666666668
exp01_transition_accuracy,5,4,4,512,16,nearest,1.0,0.022135416666666668
exp01_transition_accuracy,5,4,4,512,16,hopfield,1.0,0.022135416666666668
exp01_transition_accuracy,5,4,8,64,16,nearest,1.0,0.13541666666666666
exp01_transition_accuracy,5,4,8,64,16,hopfield,1.0,0.13541666666666666
exp01_transition_accuracy,5,4,8,128,16,nearest,1.0,0.09635416666666667
exp01_transition_accuracy,5,4,8,128,16,hopfield,1.0,0.09635416666666667
exp01_transition_accuracy,5,4,8,256,16,nearest,1.0,0.0390625
exp01_transition_accuracy,5,4,8,256,16,hopfield,1.0,0.0390625
exp01_transition_accuracy,5,4,8,512,16,nearest,1.0,0.026692708333333332
exp01_transition_accuracy,5,4,8,512,16,hopfield,1.0,0.026692708333333332
exp01_transition_accuracy,5,8,2,64,16,nearest,1.0,0.09821428571428571
exp01_transition_accuracy,5,8,2,64,16,hopfield,1.0,0.09821428571428571
exp01_transition_accuracy,5,8,2,128,16,nearest,1.0,0.06975446428571429
exp01_transition_accuracy,5,8,2,128,16,hopfield,1.0,0.06975446428571429
exp01_transition_accuracy,5,8,2,256,16,nearest,1.0,0.04017857142857143
exp01_transition_accuracy,5,8,2,256,16,hopfield,1.0,0.04017857142857143
exp01_transition_accuracy,5,8,2,512,16,nearest,1.0,0.031529017857142856
exp01_transition_accuracy,5,8,2,512,16,hopfield,1.0,0.031529017857142856
exp01_transition_accuracy,5,8,4,64,16,nearest,1.0,0.11941964285714286
exp01_transition_accuracy,5,8,4,64,16,hopfield,1.0,0.11941964285714286
exp01_transition_accuracy,5,8,4,128,16,nearest,1.0,0.07924107142857142
exp01_transition_accuracy,5,8,4,128,16,hopfield,1.0,0.07924107142857142
exp01_transition_accuracy,5,8,4,256,16,nearest,1.0,0.043247767857142856
exp01_transition_accuracy,5,8,4,256,16,hopfield,1.0,0.043247767857142856
exp01_transition_accuracy,5,8,4,512,16,nearest,1.0,0.033482142857142856
exp01_transition_accuracy,5,8,4,512,16,hopfield,1.0,0.033482142857142856
exp01_transition_accuracy,5,8,8,64,16,nearest,1.0,0.11941964285714286
exp01_transition_accuracy,5,8,8,64,16,hopfield,1.0,0.11941964285714286
exp01_transition_accuracy,5,8,8,128,16,nearest,1.0,0.06138392857142857
exp01_transition_accuracy,5,8,8,128,16,hopfield,1.0,0.06138392857142857
exp01_transition_accuracy,5,8,8,256,16,nearest,1.0,0.04213169642857143
exp01_transition_accuracy,5,8,8,256,16,hopfield,1.0,0.04213169642857143
exp01_transition_accuracy,5,8,8,512,16,nearest,1.0,0.03404017857142857
exp01_transition_accuracy,5,8,8,512,16,hopfield,1.0,0.03404017857142857
exp01_transition_accuracy,5,16,2,64,16,nearest,1.0,0.11041666666666666
exp01_transition_accuracy,5,16,2,64,16,hopfield,0.78125,0.11041666666666666
exp01_transition_accuracy,5,16,2,128,16,nearest,1.0,0.069140625
exp01_transition_accuracy,5,16,2,128,16,hopfield,1.0,0.069140625
exp01_transition_accuracy,5,16,2,256,16,nearest,1.0,0.053125
exp01_transition_accuracy,5,16,2,256,16,hopfield,1.0,0.053125
exp01_transition_accuracy,5,16,2,512,16,nearest,1.0,0.035416666666666666
exp01_transition_accuracy,5,16,2,512,16,hopfield,1.0,0.035416666666666666
exp01_transition_accuracy,5,16,4,64,16,nearest,1.0,0.09791666666666667
exp01_transition_accuracy,5,16,4,64,16,hopfield,0.671875,0.09791666666666667
exp01_transition_accuracy,5,16,4,128,16,nearest,1.0,0.07252604166666667
exp01_transition_accuracy,5,16,4,128,16,hopfield,1.0,0.07252604166666667
exp01_transition_accuracy,5,16,4,256,16,nearest,1.0,0.05286458333333333
exp01_transition_accuracy,5,16,4,256,16,hopfield,1.0,0.05286458333333333
exp01_transition_accuracy,5,16,4,512,16,nearest,1.0,0.03375651041666667
exp01_transition_accuracy,5,16,4,512,16,hopfield,1.0,0.03375651041666667
exp01_transition_accuracy,5,16,8,64,16,nearest,1.0,0.08932291666666667
exp01_transition_accuracy,5,16,8,64,16,hopfield,1.0,0.08932291666666667
exp01_transition_accuracy,5,16,8,128,16,nearest,1.0,0.06861979166666667
exp01_transition_accuracy,5,16,8,128,16,hopfield,1.0,0.06861979166666667
exp01_transition_accuracy,5,16,8,256,16,nearest,1.0,0.04765625
exp01_transition_accuracy,5,16,8,256,16,hopfield,1.0,0.04765625
exp01_transition_accuracy,5,16,8,512,16,nearest,1.0,0.03216145833333333
exp01_transition_accuracy,5,16,8,512,16,hopfield,1.0,0.03216145833333333
exp01_transition_accuracy,5,32,2,64,16,nearest,1.0,0.0983492943548387
exp01_transition_accuracy,5,32,2,64,16,hopfield,0.734375,0.0983492943548387
exp01_transition_accuracy,5,32,2,128,16,nearest,1.0,0.0713835685483871
exp01_transition_accuracy,5,32,2,128,16,hopfield,0.8125,0.0713835685483871
exp01_transition_accuracy,5,32,2,256,16,nearest,1.0,0.050072454637096774
exp01_transition_accuracy,5,32,2,256,16,hopfield,1.0,0.050072454637096774
exp01_transition_accuracy,5,32,2,512,16,nearest,1.0,0.03369140625
exp01_transition_accuracy,5,32,2,512,16,hopfield,1.0,0.03369140625
exp01_transition_accuracy,5,32,4,64,16,nearest,1.0,0.09847530241935484
exp01_transition_accuracy,5,32,4,64,16,hopfield,0.8203125,0.09847530241935484
exp01_transition_accuracy,5,32,4,128,16,nearest,1.0,0.07037550403225806
exp01_transition_accuracy,5,32,4,128,16,hopfield,0.7890625,0.07037550403225806
exp01_transition_accuracy,5,32,4,256,16,nearest,1.0,0.04826108870967742
exp01_transition_accuracy,5,32,4,256,16,hopfield,1.0,0.04826108870967742
exp01_transition_accuracy,5,32,4,512,16,nearest,1.0,0.033203125
exp01_transition_accuracy,5,32,4,512,16,hopfield,1.0,0.033203125
exp01_transition_accuracy,5,32,8,64,16,nearest,1.0,0.09816028225806452
exp01_transition_accuracy,5,32,8,64,16,hopfield,0.4921875,0.09816028225806452
exp01_transition_accuracy,5,32,8,128,16,nearest,1.0,0.07084803427419355
exp01_transition_accuracy,5,32,8,128,16,hopfield,0.765625,0.07084803427419355
exp01_transition_accuracy,5,32,8,256,16,nearest,1.0,0.048324092741935484
exp01_transition_accuracy,5,32,8,256,16,hopfield,1.0,0.048324092741935484
exp01_transition_accuracy,5,32,8,512,16,nearest,1.0,0.03284085181451613
exp01_transition_accuracy,5,32,8,512,16,hopfield,1.0,0.03284085181451613
exp01_transition_accuracy,5,64,2,64,16,nearest,1.0,0.09886532738095238
exp01_transition_accuracy,5,64,2,64,16,hopfield,0.25,0.09886532738095238
exp01_transition_accuracy,5,64,2,128,16,nearest,1.0,0.06811135912698413
exp01_transition_accuracy,5,64,2,128,16,hopfield,0.6328125,0.06811135912698413
exp01_transition_accuracy,5,64,2,256,16,nearest,1.0,0.049905443948412696
exp01_transition_accuracy,5,64,2,256,16,hopfield,0.734375,0.049905443948412696
exp01_transition_accuracy,5,64,2,512,16,nearest,1.0,0.035181439112103176
exp01_transition_accuracy,5,64,2,512,16,hopfield,1.0,0.035181439112103176
exp01_transition_accuracy,5,64,4,64,16,nearest,1.0,0.0990358382936508
exp01_transition_accuracy,5,64,4,64,16,hopfield,0.328125,0.0990358382936508
exp01_transition_accuracy,5,64,4,128,16,nearest,1.0,0.06825086805555555
exp01_transition_accuracy,5,64,4,128,16,hopfield,0.59765625,0.06825086805555555
exp01_transition_accuracy,5,64,4,256,16,nearest,1.0,0.04800657242063492
exp01_transition_accuracy,5,64,4,256,16,hopfield,0.8359375,0.04800657242063492
exp01_transition_accuracy,5,64,4,512,16,nearest,1.0,0.03431919642857143
exp01_transition_accuracy,5,64,4,512,16,hopfield,1.0,0.03431919642857143
exp01_transition_accuracy,5,64,8,64,16,nearest,1.0,0.09933035714285714
exp01_transition_accuracy,5,64,8,64,16,hopfield,0.302734375,0.09933035714285714
exp01_transition_accuracy,5,64,8,128,16,nearest,1.0,0.0686616443452381
exp01_transition_accuracy,5,64,8,128,16,hopfield,0.626953125,0.0686616443452381
exp01_transition_accuracy,5,64,8,256,16,nearest,1.0,0.04797944568452381
exp01_transition_accuracy,5,64,8,256,16,hopfield,0.837890625,0.04797944568452381
exp01_transition_accuracy,5,64,8,512,16,nearest,1.0,0.03475322420634921
exp01_transition_accuracy,5,64,8,512,16,hopfield,1.0,0.03475322420634921
exp01_transition_accuracy,6,4,2,64,16,nearest,1.0,0.078125
exp01_transition_accuracy,6,4,2,64,16,hopfield,1.0,0.078125
exp01_transition_accuracy,6,4,2,128,16,nearest,1.0,0.049479166666666664
exp01_transition_accuracy,6,4,2,128,16,hopfield,1.0,0.049479166666666664
exp01_transition_accuracy,6,4,2,256,16,nearest,1.0,0.02734375
exp01_transition_accuracy,6,4,2,256,16,hopfield,1.0,0.02734375
exp01_transition_accuracy,6,4,2,512,16,nearest,1.0,0.024088541666666668
exp01_transition_accuracy,6,4,2,512,16,hopfield,1.0,0.024088541666666668
exp01_transition_accuracy,6,4,4,64,16,nearest,1.0,0.09375
exp01_transition_accuracy,6,4,4,64,16,hopfield,1.0,0.09375
exp01_transition_accuracy,6,4,4,128,16,nearest,1.0,0.041666666666666664
exp01_transition_accuracy,6,4,4,128,16,hopfield,1.0,0.041666666666666664
exp01_transition_accuracy,6,4,4,256,16,nearest,1.0,0.02734375
exp01_transition_accuracy,6,4,4,256,16,hopfield,1.0,0.02734375
exp01_transition_accuracy,6,4,4,512,16,nearest,1.0,0.025390625
exp01_transition_accuracy,6,4,4,512,16,hopfield,1.0,0.025390625
exp01_transition_accuracy,6,4,8,64,16,nearest,1.0,0.057291666666666664
exp01_transition_accuracy,6,4,8,64,16,hopfield,1.0,0.057291666666666664
exp01_transition_accuracy,6,4,8,128,16,nearest,1.0,0.0234375
exp01_transition_accuracy,6,4,8,128,16,hopfield,1.0,0.0234375
exp01_transition_accuracy,6,4,8,256,16,nearest,1.0,0.022135416666666668
exp01_transition_accuracy,6,4,8,256,16,hopfield,1.0,0.022135416666666668
exp01_transition_accuracy,6,4,8,512,16,nearest,1.0,0.029296875
exp01_transition_accuracy,6,4,8,512,16,hopfield,1.0,0.029296875
exp01_transition_accuracy,6,8,2,64,16,nearest,1.0,0.08928571428571429
exp01_transition_accuracy,6,8,2,64,16,hopfield,1.0,0.08928571428571429
exp01_transition_accuracy,6,8,2,128,16,nearest,1.0,0.05412946428571429
exp01_transition_accuracy,6,8,2,128,16,hopfield,1.0,0.05412946428571429
exp01_transition_accuracy,6,8,2,256,16,nearest,1.0,0.042689732142857144
exp01_transition_accuracy,6,8,2,256,16,hopfield,1.0,0.042689732142857144
exp01_transition_accuracy,6,8,2,512,16,nearest,1.0,0.036411830357142856
exp01_transition_accuracy,6,8,2,512,16,hopfield,1.0,0.036411830357142856
exp01_transition_accuracy,6,8,4,64,16,nearest,1.0,0.07477678571428571
exp01_transition_accuracy,6,8,4,64,16,hopfield,1.0,0.07477678571428571
exp01_transition_accuracy,6,8,4,128,16,nearest,1.0,0.056361607142857144
exp01_transition_accuracy,6,8,4,128,16,hopfield,1.0,0.056361607142857144
exp01_transition_accuracy,6,8,4,256,16,nearest,1.0,0.046595982142857144
exp01_transition_accuracy,6,8,4,256,16,hopfield,1.0,0.046595982142857144
exp01_transition_accuracy,6,8,4,512,16,nearest,1.0,0.03376116071428571
exp01_transition_accuracy,6,8,4,512,16,hopfield,1.0,0.03376116071428571
exp01_transition_accuracy,6,8,8,64,16,nearest,1.0,0.07589285714285714
exp01_transition_accuracy,6,8,8,64,16,hopfield,1.0,0.07589285714285714
exp01_transition_accuracy,6,8,8,128,16,nearest,1.0,0.05580357142857143
exp01_transition_accuracy,6,8,8,128,16,hopfield,1.0,0.05580357142857143
exp01_transition_accuracy,6,8,8,256,16,nearest,1.0,0.04603794642857143
exp01_transition_accuracy,6,8,8,256,16,hopfield,1.0,0.04603794642857143
exp01_transition_accuracy,6,8,8,512,16,nearest,1.0,0.03362165178571429
exp01_transition_accuracy,6,8,8,512,16,hopfield,1.0,0.03362165178571429
exp01_transition_accuracy,6,16,2,64,16,nearest,1.0,0.09244791666666667
exp01_transition_accuracy,6,16,2,64,16,hopfield,0.84375,0.09244791666666667
exp01_transition_accuracy,6,16,2,128,16,nearest,1.0,0.066796875
exp01_transition_accuracy,6,16,2,128,16,hopfield,1.0,0.066796875
exp01_transition_accuracy,6,16,2,256,16,nearest,1.0,0.046875
exp01_transition_accuracy,6,16,2,256,16,hopfield,1.0,0.046875
exp01_transition_accuracy,6,16,2,512,16,nearest,1.0,0.036783854166666664
exp01_transition_accuracy,6,16,2,512,16,hopfield,1.0,0.036783854166666664
exp01_transition_accuracy,6,16,4,64,16,nearest,1.0,0.09322916666666667
exp01_transition_accuracy,6,16,4,64,16,hopfield,0.828125,0.09322916666666667
exp01_transition_accuracy,6,16,4,128,16,nearest,1.0,0.07096354166666667
exp01_transition_accuracy,6,16,4,128,16,hopfield,0.8125,0.07096354166666667
exp01_transition_accuracy,6,16,4,256,16,nearest,1.0,0.0451171875
exp01_transition_accuracy,6,16,4,256,16,hopfield,1.0,0.0451171875
exp01_transition_accuracy,6,16,4,512,16,nearest,1.0,0.03701171875
exp01_transition_accuracy,6,16,4,512,16,hopfield,1.0,0.03701171875
exp01_transition_accuracy,6,16,8,64,16,nearest,1.0,0.09817708333333333
exp01_transition_accuracy,6,16,8,64,16,hopfield,0.703125,0.09817708333333333
exp01_transition_accuracy,6,16,8,128,16,nearest,1.0,0.0734375
exp01_transition_accuracy,6,16,8,128,16,hopfield,1.0,0.0734375
exp01_transition_accuracy,6,16,8,256,16,nearest,1.0,0.047200520833333336
exp01_transition_accuracy,6,16,8,256,16,hopfield,1.0,0.047200520833333336
exp01_transition_accuracy,6,16,8,512,16,nearest,1.0,0.03626302083333333
exp01_transition_accuracy,6,16,8,512,16,hopfield,1.0,0.03626302083333333
exp01_transition_accuracy,6,32,2,64,16,nearest,1.0,0.10162550403225806
exp01_transition_accuracy,6,32,2,64,16,hopfield,0.359375,0.10162550403225806
exp01_transition_accuracy,6,32,2,128,16,nearest,1.0,0.07078503024193548
exp01_transition_accuracy,6,32,2,128,16,hopfield,0.75,0.07078503024193548
exp01_transition_accuracy,6,32,2,256,16,nearest,1.0,0.04969443044354839
exp01_transition_accuracy,6,32,2,256,16,hopfield,1.0,0.04969443044354839
exp01_transition_accuracy,6,32,2,512,16,nearest,1.0,0.03535313760080645
exp01_transition_accuracy,6,32,2,512,16,hopfield,1.0,0.03535313760080645
exp01_transition_accuracy,6,32,4,64,16,nearest,1.0,0.1015625
exp01_transition_accuracy,6,32,4,64,16,hopfield,0.390625,0.1015625
exp01_transition_accuracy,6,32,4,128,16,nearest,1.0,0.07154107862903226
exp01_transition_accuracy,6,32,4,128,16,hopfield,0.7578125,0.07154107862903226
exp01_transition_accuracy,6,32,4,256,16,nearest,1.0,0.05034022177419355
exp01_transition_accuracy,6,32,4,256,16,hopfield,0.9609375,0.05034022177419355
exp01_transition_accuracy,6,32,4,512,16,nearest,1.0,0.03429782006048387
exp01_transition_accuracy,6,32,4,512,16,hopfield,1.0,0.03429782006048387
exp01_transition_accuracy,6,32,8,64,16,nearest,1.0,0.10307459677419355
exp01_transition_accuracy,6,32,8,64,16,hopfield,0.3125,0.10307459677419355
exp01_transition_accuracy,6,32,8,128,16,nearest,1.0,0.0721711189516129
exp01_transition_accuracy,6,32,8,128,16,hopfield,0.7421875,0.0721711189516129
exp01_transition_accuracy,6,32,8,256,16,nearest,1.0,0.049899193548387094
exp01_transition_accuracy,6,32,8,256,16,hopfield,1.0,0.049899193548387094
exp01_transition_accuracy,6,32,8,512,16,nearest,1.0,0.03473097278225806
exp01_transition_accuracy,6,32,8,512,16,hopfield,1.0,0.03473097278225806
exp01_transition_accuracy,6,64,2,64,16,nearest,1.0,0.1023530505952381
exp01_transition_accuracy,6,64,2,64,16,hopfield,0.28125,0.1023530505952381
exp01_transition_accuracy,6,64,2,128,16,nearest,1.0,0.07279265873015874
exp01_transition_accuracy,6,64,2,128,16,hopfield,0.609375,0.07279265873015874
exp01_transition_accuracy,6,64,2,256,16,nearest,1.0,0.04901026165674603
exp01_transition_accuracy,6,64,2,256,16,hopfield,0.6796875,0.04901026165674603
exp01_transition_accuracy,6,64,2,512,16,nearest,1.0,0.03481329055059524
exp01_transition_accuracy,6,64,2,512,16,hopfield,1.0,0.03481329055059524
exp01_transition_accuracy,6,64,4,64,16,nearest,1.0,0.10334511408730158
exp01_transition_accuracy,6,64,4,64,16,hopfield,0.37109375,0.10334511408730158
exp01_transition_accuracy,6,64,4,128,16,nearest,1.0,0.07269965277777778
exp01_transition_accuracy,6,64,4,128,16,hopfield,0.57421875,0.07269965277777778
exp01_transition_accuracy,6,64,4,256,16,nearest,1.0,0.05040147569444445
exp01_transition_accuracy,6,64,4,256,16,hopfield,0.68359375,0.05040147569444445
exp01_transition_accuracy,6,64,4,512,16,nearest,1.0,0.034425765749007936
exp01_transition_accuracy,6,64,4,512,16,hopfield,1.0,0.034425765749007936
exp01_transition_accuracy,6,64,8,64,16,nearest,1.0,0.10435267857142858
exp01_transition_accuracy,6,64,8,64,16,hopfield,0.27734375,0.10435267857142858
exp01_transition_accuracy,6,64,8,128,16,nearest,1.0,0.0728546626984127
exp01_transition_accuracy,6,64,8,128,16,hopfield,0.34375,0.0728546626984127
exp01_transition_accuracy,6,64,8,256,16,nearest,1.0,0.05102151537698413
exp01_transition_accuracy,6,64,8,256,16,hopfield,0.794921875,0.05102151537698413
exp01_transition_accuracy,6,64,8,512,16,nearest,1.0,0.035181439112103176
exp01_transition_accuracy,6,64,8,512,16,hopfield,1.0,0.035181439112103176
exp01_transition_accuracy,7,4,2,64,16,nearest,1.0,0.11458333333333333
exp01_transition_accuracy,7,4,2,64,16,hopfield,1.0,0.11458333333333333
exp01_transition_accuracy,7,4,2,128,16,nearest,1.0,0.052083333333333336
exp01_transition_accuracy,7,4,2,128,16,hopfield,1.0,0.052083333333333336
exp01_transition_accuracy,7,4,2,256,16,nearest,1.0,0.05859375
exp01_transition_accuracy,7,4,2,256,16,hopfield,1.0,0.05859375
exp01_transition_accuracy,7,4,2,512,16,nearest,1.0,0.04296875
exp01_transition_accuracy,7,4,2,512,16,hopfield,1.0,0.04296875
exp01_transition_accuracy,7,4,4,64,16,nearest,1.0,0.109375
exp01_transition_accuracy,7,4,4,64,16,hopfield,1.0,0.109375
exp01_transition_accuracy,7,4,4,128,16,nearest,1.0,0.0625
exp01_transition_accuracy,7,4,4,128,16,hopfield,1.0,0.0625
exp01_transition_accuracy,7,4,4,256,16,nearest,1.0,0.061197916666666664
exp01_transition_accuracy,7,4,4,256,16,hopfield,1.0,0.061197916666666664
exp01_transition_accuracy,7,4,4,512,16,nearest,1.0,0.040364583333333336
exp01_transition_accuracy,7,4,4,512,16,hopfield,1.0,0.040364583333333336
exp01_transition_accuracy,7,4,8,64,16,nearest,1.0,0.11979166666666667
exp01_transition_accuracy,7,4,8,64,16,hopfield,1.0,0.11979166666666667
exp01_transition_accuracy,7,4,8,128,16,nearest,1.0,0.09114583333333333
exp01_transition_accuracy,7,4,8,128,16,hopfield,1.0,0.09114583333333333
exp01_transition_accuracy,7,4,8,256,16,nearest,1.0,0.06770833333333333
exp01_transition_accuracy,7,4,8,256,16,hopfield,1.0,0.06770833333333333
exp01_transition_accuracy,7,4,8,512,16,nearest,1.0,0.033203125
exp01_transition_accuracy,7,4,8,512,16,hopfield,1.0,0.033203125
exp01_transition_accuracy,7,8,2,64,16,nearest,1.0,0.11160714285714286
exp01_transition_accuracy,7,8,2,64,16,hopfield,1.0,0.11160714285714286
exp01_transition_accuracy,7,8,2,128,16,nearest,1.0,0.06640625
exp01_transition_accuracy,7,8,2,128,16,hopfield,1.0,0.06640625
exp01_transition_accuracy,7,8,2,256,16,nearest,1.0,0.06138392857142857
exp01_transition_accuracy,7,8,2,256,16,hopfield,1.0,0.06138392857142857
exp01_transition_accuracy,7,8,2,512,16,nearest,1.0,0.0478515625
exp01_transition_accuracy,7,8,2,512,16,hopfield,1.0,0.0478515625
exp01_transition_accuracy,7,8,4,64,16,nearest,1.0,0.09709821428571429
exp01_transition_accuracy,7,8,4,64,16,hopfield,1.0,0.09709821428571429
exp01_transition_accuracy,7,8,4,128,16,nearest,1.0,0.078125
exp01_transition_accuracy,7,8,4,128,16,hopfield,1.0,0.078125
exp01_transition_accuracy,7,8,4,256,16,nearest,1.0,0.068359375
exp01_transition_accuracy,7,8,4,256,16,hopfield,1.0,0.068359375
exp01_transition_accuracy,7,8,4,512,16,nearest,1.0,0.047572544642857144
exp01_transition_accuracy,7,8,4,512,16,hopfield,1.0,0.047572544642857144
exp01_transition_accuracy,7,8,8,64,16,nearest,1.0,0.11049107142857142
exp01_transition_accuracy,7,8,8,64,16,hopfield,1.0,0.11049107142857142
exp01_transition_accuracy,7,8,8,128,16,nearest,1.0,0.078125
exp01_transition_accuracy,7,8,8,128,16,hopfield,1.0,0.078125
exp01_transition_accuracy,7,8,8,256,16,nearest,1.0,0.07393973214285714
exp01_transition_accuracy,7,8,8,256,16,hopfield,1.0,0.07393973214285714
exp01_transition_accuracy,7,8,8,512,16,nearest,1.0,0.04575892857142857
exp01_transition_accuracy,7,8,8,512,16,hopfield,1.0,0.04575892857142857
exp01_transition_accuracy,7,16,2,64,16,nearest,1.0,0.1
exp01_transition_accuracy,7,16,2,64,16,hopfield,0.6875,0.1
exp01_transition_accuracy,7,16,2,128,16,nearest,1.0,0.07643229166666667
exp01_transition_accuracy,7,16,2,128,16,hopfield,1.0,0.07643229166666667
exp01_transition_accuracy,7,16,2,256,16,nearest,1.0,0.0630859375
exp01_transition_accuracy,7,16,2,256,16,hopfield,1.0,0.0630859375
exp01_transition_accuracy,7,16,2,512,16,nearest,1.0,0.035416666666666666
exp01_transition_accuracy,7,16,2,512,16,hopfield,1.0,0.035416666666666666
exp01_transition_accuracy,7,16,4,64,16,nearest,1.0,0.10572916666666667
exp01_transition_accuracy,7,16,4,64,16,hopfield,1.0,0.10572916666666667
exp01_transition_accuracy,7,16,4,128,16,nearest,1.0,0.078515625
exp01_transition_accuracy,7,16,4,128,16,hopfield,1.0,0.078515625
exp01_transition_accuracy,7,16,4,256,16,nearest,1.0,0.0640625
exp01_transition_accuracy,7,16,4,256,16,hopfield,1.0,0.0640625
exp01_transition_accuracy,7,16,4,512,16,nearest,1.0,0.03805338541666667
exp01_transition_accuracy,7,16,4,512,16,hopfield,1.0,0.03805338541666667
exp01_transition_accuracy,7,16,8,64,16,nearest,1.0,0.10286458333333333
exp01_transition_accuracy,7,16,8,64,16,hopfield,0.7734375,0.10286458333333333
exp01_transition_accuracy,7,16,8,128,16,nearest,1.0,0.07760416666666667
exp01_transition_accuracy,7,16,8,128,16,hopfield,0.8984375,0.07760416666666667
exp01_transition_accuracy,7,16,8,256,16,nearest,1.0,0.05865885416666667
exp01_transition_accuracy,7,16,8,256,16,hopfield,1.0,0.05865885416666667
exp01_transition_accuracy,7,16,8,512,16,nearest,1.0,0.038802083333333334
exp01_transition_accuracy,7,16,8,512,16,hopfield,1.0,0.038802083333333334
exp01_transition_accuracy,7,32,2,64,16,nearest,1.0,0.10464969758064516
exp01_transition_accuracy,7,32,2,64,16,hopfield,0.328125,0.10464969758064516
exp01_transition_accuracy,7,32,2,128,16,nearest,1.0,0.07478578629032258
exp01_transition_accuracy,7,32,2,128,16,hopfield,0.59375,0.07478578629032258
exp01_transition_accuracy,7,32,2,256,16,nearest,1.0,0.05350617439516129
exp01_transition_accuracy,7,32,2,256,16,hopfield,1.0,0.05350617439516129
exp01_transition_accuracy,7,32,2,512,16,nearest,1.0,0.03755040322580645
exp01_transition_accuracy,7,32,2,512,16,hopfield,1.0,0.03755040322580645
exp01_transition_accuracy,7,32,4,64,16,nearest,1.0,0.10383064516129033
exp01_transition_accuracy,7,32,4,64,16,hopfield,0.4296875,0.10383064516129033
exp01_transition_accuracy,7,32,4,128,16,nearest,1.0,0.07368321572580645
exp01_transition_accuracy,7,32,4,128,16,hopfield,0.5,0.07368321572580645
exp01_transition_accuracy,7,32,4,256,16,nearest,1.0,0.051946824596774195
exp01_transition_accuracy,7,32,4,256,16,hopfield,1.0,0.051946824596774195
exp01_transition_accuracy,7,32,4,512,16,nearest,1.0,0.03721175655241935
exp01_transition_accuracy,7,32,4,512,16,hopfield,1.0,0.03721175655241935
exp01_transition_accuracy,7,32,8,64,16,nearest,1.0,0.10414566532258064
exp01_transition_accuracy,7,32,8,64,16,hopfield,0.4296875,0.10414566532258064
exp01_transition_accuracy,7,32,8,128,16,nearest,1.0,0.07380922379032258
exp01_transition_accuracy,7,32,8,128,16,hopfield,0.5390625,0.07380922379032258
exp01_transition_accuracy,7,32,8,256,16,nearest,1.0,0.05126953125
exp01_transition_accuracy,7,32,8,256,16,hopfield,0.96484375,0.05126953125
exp01_transition_accuracy,7,32,8,512,16,nearest,1.0,0.03616431451612903
exp01_transition_accuracy,7,32,8,512,16,hopfield,1.0,0.03616431451612903
exp01_transition_accuracy,7,64,2,64,16,nearest,1.0,0.10365513392857142
exp01_transition_accuracy,7,64,2,64,16,hopfield,0.3984375,0.10365513392857142
exp01_transition_accuracy,7,64,2,128,16,nearest,1.0,0.07093253968253968
exp01_transition_accuracy,7,64,2,128,16,hopfield,0.5390625,0.07093253968253968
exp01_transition_accuracy,7,64,2,256,16,nearest,1.0,0.04849872891865079
exp01_transition_accuracy,7,64,2,256,16,hopfield,0.8203125,0.04849872891865079
exp01_transition_accuracy,7,64,2,512,16,nearest,1.0,0.03582666790674603
exp01_transition_accuracy,7,64,2,512,16,hopfield,1.0,0.03582666790674603
exp01_transition_accuracy,7,64,4,64,16,nearest,1.0,0.10306609623015874
exp01_transition_accuracy,7,64,4,64,16,hopfield,0.25390625,0.10306609623015874
exp01_transition_accuracy,7,64,4,128,16,nearest,1.0,0.07081628224206349
exp01_transition_accuracy,7,64,4,128,16,hopfield,0.4765625,0.07081628224206349
exp01_transition_accuracy,7,64,4,256,16,nearest,1.0,0.05066499255952381
exp01_transition_accuracy,7,64,4,256,16,hopfield,0.50390625,0.05066499255952381
exp01_transition_accuracy,7,64,4,512,16,nearest,1.0,0.03569103422619048
exp01_transition_accuracy,7,64,4,512,16,hopfield,1.0,0.03569103422619048
exp01_transition_accuracy,7,64,8,64,16,nearest,1.0,0.10277157738095238
exp01_transition_accuracy,7,64,8,64,16,hopfield,0.3203125,0.10277157738095238
exp01_transition_accuracy,7,64,8,128,16,nearest,1.0,0.07097129216269842
exp01_transition_accuracy,7,64,8,128,16,hopfield,0.517578125,0.07097129216269842
exp01_transition_accuracy,7,64,8,256,16,nearest,1.0,0.05029296875
exp01_transition_accuracy,7,64,8,256,16,hopfield,0.560546875,0.05029296875
exp01_transition_accuracy,7,64,8,512,16,nearest,1.0,0.03512718563988095
exp01_transition_accuracy,7,64,8,512,16,hopfield,1.0,0.03512718563988095
exp01_transition_accuracy,8,4,2,64,16,nearest,1.0,0.06770833333333333
exp01_transition_accuracy,8,4,2,64,16,hopfield,1.0,0.06770833333333333
exp01_transition_accuracy,8,4,2,128,16,nearest,1.0,0.059895833333333336
exp01_transition_accuracy,8,4,2,128,16,hopfield,1.0,0.059895833333333336
exp01_transition_accuracy,8,4,2,256,16,nearest,1.0,0.053385416666666664
exp01_transition_accuracy,8,4,2,256,16,hopfield,1.0,0.053385416666666664
exp01_transition_accuracy,8,4,2,512,16,nearest,1.0,0.02734375
exp01_transition_accuracy,8,4,2,512,16,hopfield,1.0,0.02734375
exp01_transition_accuracy,8,4,4,64,16,nearest,1.0,0.10416666666666667
exp01_transition_accuracy,8,4,4,64,16,hopfield,1.0,0.10416666666666667
exp01_transition_accuracy,8,4,4,128,16,nearest,1.0,0.09114583333333333
exp01_transition_accuracy,8,4,4,128,16,hopfield,1.0,0.09114583333333333
exp01_transition_accuracy,8,4,4,256,16,nearest,1.0,0.048177083333333336
exp01_transition_accuracy,8,4,4,256,16,hopfield,1.0,0.048177083333333336
exp01_transition_accuracy,8,4,4,512,16,nearest,1.0,0.031901041666666664
exp01_transition_accuracy,8,4,4,512,16,hopfield,1.0,0.031901041666666664
exp01_transition_accuracy,8,4,8,64,16,nearest,1.0,0.09375
exp01_transition_accuracy,8,4,8,64,16,hopfield,1.0,0.09375
exp01_transition_accuracy,8,4,8,128,16,nearest,1.0,0.078125
exp01_transition_accuracy,8,4,8,128,16,hopfield,1.0,0.078125
exp01_transition_accuracy,8,4,8,256,16,nearest,1.0,0.049479166666666664
exp01_transition_accuracy,8,4,8,256,16,hopfield,1.0,0.049479166666666664
exp01_transition_accuracy,8,4,8,512,16,nearest,1.0,0.03125
exp01_transition_accuracy,8,4,8,512,16,hopfield,1.0,0.03125
exp01_transition_accuracy,8,8,2,64,16,nearest,1.0,0.1171875
exp01_transition_accuracy,8,8,2,64,16,hopfield,1.0,0.1171875
exp01_transition_accuracy,8,8,2,128,16,nearest,1.0,0.07310267857142858
exp01_transition_accuracy,8,8,2,128,16,hopfield,1.0,0.07310267857142858
exp01_transition_accuracy,8,8,2,256,16,nearest,1.0,0.051060267857142856
exp01_transition_accuracy,8,8,2,256,16,hopfield,1.0,0.051060267857142856
exp01_transition_accuracy,8,8,2,512,16,nearest,1.0,0.029715401785714284
exp01_transition_accuracy,8,8,2,512,16,hopfield,1.0,0.029715401785714284
exp01_transition_accuracy,8,8,4,64,16,nearest,1.0,0.08705357142857142
exp01_transition_accuracy,8,8,4,64,16,hopfield,1.0,0.08705357142857142
exp01_transition_accuracy,8,8,4,128,16,nearest,1.0,0.06696428571428571
exp01_transition_accuracy,8,8,4,128,16,hopfield,1.0,0.06696428571428571
exp01_transition_accuracy,8,8,4,256,16,nearest,1.0,0.04631696428571429
exp01_transition_accuracy,8,8,4,256,16,hopfield,1.0,0.04631696428571429
exp01_transition_accuracy,8,8,4,512,16,nearest,1.0,0.0283203125
exp01_transition_accuracy,8,8,4,512,16,hopfield,1.0,0.0283203125
exp01_transition_accuracy,8,8,8,64,16,nearest,1.0,0.07924107142857142
exp01_transition_accuracy,8,8,8,64,16,hopfield,1.0,0.07924107142857142
exp01_transition_accuracy,8,8,8,128,16,nearest,1.0,0.060267857142857144
exp01_transition_accuracy,8,8,8,128,16,hopfield,1.0,0.060267857142857144
exp01_transition_accuracy,8,8,8,256,16,nearest,1.0,0.04296875
exp01_transition_accuracy,8,8,8,256,16,hopfield,1.0,0.04296875
exp01_transition_accuracy,8,8,8,512,16,nearest,1.0,0.034877232142857144
exp01_transition_accuracy,8,8,8,512,16,hopfield,1.0,0.034877232142857144
exp01_transition_accuracy,8,16,2,64,16,nearest,1.0,0.0921875
exp01_transition_accuracy,8,16,2,64,16,hopfield,0.9375,0.0921875
exp01_transition_accuracy,8,16,2,128,16,nearest,1.0,0.06979166666666667
exp01_transition_accuracy,8,16,2,128,16,hopfield,1.0,0.06979166666666667
exp01_transition_accuracy,8,16,2,256,16,nearest,1.0,0.04576822916666667
exp01_transition_accuracy,8,16,2,256,16,hopfield,1.0,0.04576822916666667
exp01_transition_accuracy,8,16,2,512,16,nearest,1.0,0.03675130208333333
exp01_transition_accuracy,8,16,2,512,16,hopfield,1.0,0.03675130208333333
exp01_transition_accuracy,8,16,4,64,16,nearest,1.0,0.09739583333333333
exp01_transition_accuracy,8,16,4,64,16,hopfield,0.515625,0.09739583333333333
exp01_transition_accuracy,8,16,4,128,16,nearest,1.0,0.058333333333333334
exp01_transition_accuracy,8,16,4,128,16,hopfield,1.0,0.058333333333333334
exp01_transition_accuracy,8,16,4,256,16,nearest,1.0,0.047135416666666666
exp01_transition_accuracy,8,16,4,256,16,hopfield,1.0,0.047135416666666666
exp01_transition_accuracy,8,16,4,512,16,nearest,1.0,0.03821614583333333
exp01_transition_accuracy,8,16,4,512,16,hopfield,1.0,0.03821614583333333
exp01_transition_accuracy,8,16,8,64,16,nearest,1.0,0.0984375
exp01_transition_accuracy,8,16,8,64,16,hopfield,0.515625,0.0984375
exp01_transition_accuracy,8,16,8,128,16,nearest,1.0,0.06731770833333334
exp01_transition_accuracy,8,16,8,128,16,hopfield,1.0,0.06731770833333334
exp01_transition_accuracy,8,16,8,256,16,nearest,1.0,0.053125
exp01_transition_accuracy,8,16,8,256,16,hopfield,1.0,0.053125
exp01_transition_accuracy,8,16,8,512,16,nearest,1.0,0.04059244791666667
exp01_transition_accuracy,8,16,8,512,16,hopfield,1.0,0.04059244791666667
exp01_transition_accuracy,8,32,2,64,16,nearest,1.0,0.0985383064516129
exp01_transition_accuracy,8,32,2,64,16,hopfield,0.671875,0.0985383064516129
exp01_transition_accuracy,8,32,2,128,16,nearest,1.0,0.06672127016129033
exp01_transition_accuracy,8,32,2,128,16,hopfield,0.796875,0.06672127016129033
exp01_transition_accuracy,8,32,2,256,16,nearest,1.0,0.04914314516129032
exp01_transition_accuracy,8,32,2,256,16,hopfield,1.0,0.04914314516129032
exp01_transition_accuracy,8,32,2,512,16,nearest,1.0,0.036109185987903226
exp01_transition_accuracy,8,32,2,512,16,hopfield,1.0,0.036109185987903226
exp01_transition_accuracy,8,32,4,64,16,nearest,1.0,0.09910534274193548
exp01_transition_accuracy,8,32,4,64,16,hopfield,0.578125,0.09910534274193548
exp01_transition_accuracy,8,32,4,128,16,nearest,1.0,0.0692414314516129
exp01_transition_accuracy,8,32,4,128,16,hopfield,0.90625,0.0692414314516129
exp01_transition_accuracy,8,32,4,256,16,nearest,1.0,0.053726688508064516
exp01_transition_accuracy,8,32,4,256,16,hopfield,1.0,0.053726688508064516
exp01_transition_accuracy,8,32,4,512,16,nearest,1.0,0.03617219002016129
exp01_transition_accuracy,8,32,4,512,16,hopfield,1.0,0.03617219002016129
exp01_transition_accuracy,8,32,8,64,16,nearest,1.0,0.09973538306451613
exp01_transition_accuracy,8,32,8,64,16,hopfield,0.41015625,0.09973538306451613
exp01_transition_accuracy,8,32,8,128,16,nearest,1.0,0.07018649193548387
exp01_transition_accuracy,8,32,8,128,16,hopfield,0.828125,0.07018649193548387
exp01_transition_accuracy,8,32,8,256,16,nearest,1.0,0.049962197580645164
exp01_transition_accuracy,8,32,8,256,16,hopfield,1.0,0.049962197580645164
exp01_transition_accuracy,8,32,8,512,16,nearest,1.0,0.03629819808467742
exp01_transition_accuracy,8,32,8,512,16,hopfield,1.0,0.03629819808467742
exp01_transition_accuracy,8,64,2,64,16,nearest,1.0,0.09908234126984126
exp01_transition_accuracy,8,64,2,64,16,hopfield,0.3984375,0.09908234126984126
exp01_transition_accuracy,8,64,2,128,16,nearest,1.0,0.0711883060515873
exp01_transition_accuracy,8,64,2,128,16,hopfield,0.3671875,0.0711883060515873
exp01_transition_accuracy,8,64,2,256,16,nearest,1.0,0.05096338665674603
exp01_transition_accuracy,8,64,2,256,16,hopfield,0.6015625,0.05096338665674603
exp01_transition_accuracy,8,64,2,512,16,nearest,1.0,0.03552633618551587
exp01_transition_accuracy,8,64,2,512,16,hopfield,0.984375,0.03552633618551587
exp01_transition_accuracy,8,64,4,64,16,nearest,1.0,0.09985739087301587
exp01_transition_accuracy,8,64,4,64,16,hopfield,0.41796875,0.09985739087301587
exp01_transition_accuracy,8,64,4,128,16,nearest,1.0,0.07132006448412699
exp01_transition_accuracy,8,64,4,128,16,hopfield,0.4609375,0.07132006448412699
exp01_transition_accuracy,8,64,4,256,16,nearest,1.0,0.05091688368055555
exp01_transition_accuracy,8,64,4,256,16,hopfield,0.62890625,0.05091688368055555
exp01_transition_accuracy,8,64,4,512,16,nearest,1.0,0.03534807477678571
exp01_transition_accuracy,8,64,4,512,16,hopfield,1.0,0.03534807477678571
exp01_transition_accuracy,8,64,8,64,16,nearest,1.0,0.0994233630952381
exp01_transition_accuracy,8,64,8,64,16,hopfield,0.435546875,0.0994233630952381
exp01_transition_accuracy,8,64,8,128,16,nearest,1.0,0.07067677331349206
exp01_transition_accuracy,8,64,8,128,16,hopfield,0.408203125,0.07067677331349206
exp01_transition_accuracy,8,64,8,256,16,nearest,1.0,0.05102151537698413
exp01_transition_accuracy,8,64,8,256,16,hopfield,0.662109375,0.05102151537698413
exp01_transition_accuracy,8,64,8,512,16,nearest,1.0,0.03600686693948413
exp01_transition_accuracy,8,64,8,512,16,hopfield,1.0,0.03600686693948413
exp01_transition_accuracy,9,4,2,64,16,nearest,1.0,0.19270833333333334
exp01_transition_accuracy,9,4,2,64,16,hopfield,1.0,0.19270833333333334
exp01_transition_accuracy,9,4,2,128,16,nearest,1.0,0.06510416666666667
exp01_transition_accuracy,9,4,2,128,16,hopfield,1.0,0.06510416666666667
exp01_transition_accuracy,9,4,2,256,16,nearest,1.0,0.022135416666666668
exp01_transition_accuracy,9,4,2,256,16,hopfield,1.0,0.022135416666666668
exp01_transition_accuracy,9,4,2,512,16,nearest,1.0,0.035807291666666664
exp01_transition_accuracy,9,4,2,512,16,hopfield,1.0,0.035807291666666664
exp01_transition_accuracy,9,4,4,64,16,nearest,1.0,0.17708333333333334
exp01_transition_accuracy,9,4,4,64,16,hopfield,1.0,0.17708333333333334
exp01_transition_accuracy,9,4,4,128,16,nearest,1.0,0.08333333333333333
exp01_transition_accuracy,9,4,4,128,16,hopfield,1.0,0.08333333333333333
exp01_transition_accuracy,9,4,4,256,16,nearest,1.0,0.024739583333333332
exp01_transition_accuracy,9,4,4,256,16,hopfield,1.0,0.024739583333333332
exp01_transition_accuracy,9,4,4,512,16,nearest,1.0,0.036458333333333336
exp01_transition_accuracy,9,4,4,512,16,hopfield,1.0,0.036458333333333336
exp01_transition_accuracy,9,4,8,64,16,nearest,1.0,0.15625
exp01_transition_accuracy,9,4,8,64,16,hopfield,1.0,0.15625
exp01_transition_accuracy,9,4,8,128,16,nearest,1.0,0.09114583333333333
exp01_transition_accuracy,9,4,8,128,16,hopfield,1.0,0.09114583333333333
exp01_transition_accuracy,9,4,8,256,16,nearest,1.0,0.018229166666666668
exp01_transition_accuracy,9,4,8,256,16,hopfield,1.0,0.018229166666666668
exp01_transition_accuracy,9,4,8,512,16,nearest,1.0,0.030598958333333332
exp01_transition_accuracy,9,4,8,512,16,hopfield,1.0,0.030598958333333332
exp01_transition_accuracy,9,8,2,64,16,nearest,1.0,0.15178571428571427
exp01_transition_accuracy,9,8,2,64,16,hopfield,0.6875,0.15178571428571427
exp01_transition_accuracy,9,8,2,128,16,nearest,1.0,0.07087053571428571
exp01_transition_accuracy,9,8,2,128,16,hopfield,1.0,0.07087053571428571
exp01_transition_accuracy,9,8,2,256,16,nearest,1.0,0.053013392857142856
exp01_transition_accuracy,9,8,2,256,16,hopfield,1.0,0.053013392857142856
exp01_transition_accuracy,9,8,2,512,16,nearest,1.0,0.0322265625
exp01_transition_accuracy,9,8,2,512,16,hopfield,1.0,0.0322265625
exp01_transition_accuracy,9,8,4,64,16,nearest,1.0,0.11941964285714286
exp01_transition_accuracy,9,8,4,64,16,hopfield,1.0,0.11941964285714286
exp01_transition_accuracy,9,8,4,128,16,nearest,1.0,0.06696428571428571
exp01_transition_accuracy,9,8,4,128,16,hopfield,1.0,0.06696428571428571
exp01_transition_accuracy,9,8,4,256,16,nearest,1.0,0.05385044642857143
exp01_transition_accuracy,9,8,4,256,16,hopfield,1.0,0.05385044642857143
exp01_transition_accuracy,9,8,4,512,16,nearest,1.0,0.0341796875
exp01_transition_accuracy,9,8,4,512,16,hopfield,1.0,0.0341796875
exp01_transition_accuracy,9,8,8,64,16,nearest,1.0,0.10044642857142858
exp01_transition_accuracy,9,8,8,64,16,hopfield,1.0,0.10044642857142858
exp01_transition_accuracy,9,8,8,128,16,nearest,1.0,0.0625
exp01_transition_accuracy,9,8,8,128,16,hopfield,1.0,0.0625
exp01_transition_accuracy,9,8,8,256,16,nearest,1.0,0.050502232142857144
exp01_transition_accuracy,9,8,8,256,16,hopfield,1.0,0.050502232142857144
exp01_transition_accuracy,9,8,8,512,16,nearest,1.0,0.03948102678571429
exp01_transition_accuracy,9,8,8,512,16,hopfield,1.0,0.03948102678571429
exp01_transition_accuracy,9,16,2,64,16,nearest,1.0,0.09635416666666667
exp01_transition_accuracy,9,16,2,64,16,hopfield,0.78125,0.09635416666666667
exp01_transition_accuracy,9,16,2,128,16,nearest,1.0,0.07044270833333334
exp01_transition_accuracy,9,16,2,128,16,hopfield,1.0,0.07044270833333334
exp01_transition_accuracy,9,16,2,256,16,nearest,1.0,0.05123697916666667
exp01_transition_accuracy,9,16,2,256,16,hopfield,1.0,0.05123697916666667
exp01_transition_accuracy,9,16,2,512,16,nearest,1.0,0.031217447916666665
exp01_transition_accuracy,9,16,2,512,16,hopfield,1.0,0.031217447916666665
exp01_transition_accuracy,9,16,4,64,16,nearest,1.0,0.0921875
exp01_transition_accuracy,9,16,4,64,16,hopfield,0.9375,0.0921875
exp01_transition_accuracy,9,16,4,128,16,nearest,1.0,0.06575520833333333
exp01_transition_accuracy,9,16,4,128,16,hopfield,1.0,0.06575520833333333
exp01_transition_accuracy,9,16,4,256,16,nearest,1.0,0.050065104166666666
exp01_transition_accuracy,9,16,4,256,16,hopfield,1.0,0.050065104166666666
exp01_transition_accuracy,9,16,4,512,16,nearest,1.0,0.03277994791666667
exp01_transition_accuracy,9,16,4,512,16,hopfield,1.0,0.03277994791666667
exp01_transition_accuracy,9,16,8,64,16,nearest,1.0,0.08854166666666667
exp01_transition_accuracy,9,16,8,64,16,hopfield,1.0,0.08854166666666667
exp01_transition_accuracy,9,16,8,128,16,nearest,1.0,0.062890625
exp01_transition_accuracy,9,16,8,128,16,hopfield,1.0,0.062890625
exp01_transition_accuracy,9,16,8,256,16,nearest,1.0,0.0486328125
exp01_transition_accuracy,9,16,8,256,16,hopfield,1.0,0.0486328125
exp01_transition_accuracy,9,16,8,512,16,nearest,1.0,0.031575520833333336
exp01_transition_accuracy,9,16,8,512,16,hopfield,1.0,0.031575520833333336
exp01_transition_accuracy,9,32,2,64,16,nearest,1.0,0.10061743951612903
exp01_transition_accuracy,9,32,2,64,16,hopfield,0.328125,0.10061743951612903
exp01_transition_accuracy,9,32,2,128,16,nearest,1.0,0.06637474798387097
exp01_transition_accuracy,9,32,2,128,16,hopfield,0.828125,0.06637474798387097
exp01_transition_accuracy,9,32,2,256,16,nearest,1.0,0.04991494455645161
exp01_transition_accuracy,9,32,2,256,16,hopfield,1.0,0.04991494455645161
exp01_transition_accuracy,9,32,2,512,16,nearest,1.0,0.035242880544354836
exp01_transition_accuracy,9,32,2,512,16,hopfield,1.0,0.035242880544354836
exp01_transition_accuracy,9,32,4,64,16,nearest,1.0,0.0987273185483871
exp01_transition_accuracy,9,32,4,64,16,hopfield,0.21875,0.0987273185483871
exp01_transition_accuracy,9,32,4,128,16,nearest,1.0,0.06574470766129033
exp01_transition_accuracy,9,32,4,128,16,hopfield,0.734375,0.06574470766129033
exp01_transition_accuracy,9,32,4,256,16,nearest,1.0,0.049300655241935484
exp01_transition_accuracy,9,32,4,256,16,hopfield,1.0,0.049300655241935484
exp01_transition_accuracy,9,32,4,512,16,nearest,1.0,0.03410880796370968
exp01_transition_accuracy,9,32,4,512,16,hopfield,1.0,0.03410880796370968
exp01_transition_accuracy,9,32,8,64,16,nearest,1.0,0.09923135080645161
exp01_transition_accuracy,9,32,8,64,16,hopfield,0.140625,0.09923135080645161
exp01_transition_accuracy,9,32,8,128,16,nearest,1.0,0.06653225806451613
exp01_transition_accuracy,9,32,8,128,16,hopfield,0.71484375,0.06653225806451613
exp01_transition_accuracy,9,32,8,256,16,nearest,1.0,0.05005670362903226
exp01_transition_accuracy,9,32,8,256,16,hopfield,1.0,0.05005670362903226
exp01_transition_accuracy,9,32,8,512,16,nearest,1.0,0.03581779233870968
exp01_transition_accuracy,9,32,8,512,16,hopfield,1.0,0.03581779233870968
exp01_transition_accuracy,9,64,2,64,16,nearest,1.0,0.09785776289682539
exp01_transition_accuracy,9,64,2,64,16,hopfield,0.15625,0.09785776289682539
exp01_transition_accuracy,9,64,2,128,16,nearest,1.0,0.06989397321428571
exp01_transition_accuracy,9,64,2,128,16,hopfield,0.6015625,0.06989397321428571
exp01_transition_accuracy,9,64,2,256,16,nearest,1.0,0.05044410342261905
exp01_transition_accuracy,9,64,2,256,16,hopfield,0.59375,0.05044410342261905
exp01_transition_accuracy,9,64,2,512,16,nearest,1.0,0.03521244109623016
exp01_transition_accuracy,9,64,2,512,16,hopfield,1.0,0.03521244109623016
exp01_transition_accuracy,9,64,4,64,16,nearest,1.0,0.09802827380952381
exp01_transition_accuracy,9,64,4,64,16,hopfield,0.30859375,0.09802827380952381
exp01_transition_accuracy,9,64,4,128,16,nearest,1.0,0.07023499503968254
exp01_transition_accuracy,9,64,4,128,16,hopfield,0.62109375,0.07023499503968254
exp01_transition_accuracy,9,64,4,256,16,nearest,1.0,0.05040922619047619
exp01_transition_accuracy,9,64,4,256,16,hopfield,0.54296875,0.05040922619047619
exp01_transition_accuracy,9,64,4,512,16,nearest,1.0,0.03467765687003968
exp01_transition_accuracy,9,64,4,512,16,hopfield,1.0,0.03467765687003968
exp01_transition_accuracy,9,64,8,64,16,nearest,1.0,0.09773375496031746
exp01_transition_accuracy,9,64,8,64,16,hopfield,0.326171875,0.09773375496031746
exp01_transition_accuracy,9,64,8,128,16,nearest,1.0,0.06997922867063493
exp01_transition_accuracy,9,64,8,128,16,hopfield,0.5703125,0.06997922867063493
exp01_transition_accuracy,9,64,8,256,16,nearest,1.0,0.050416976686507936
exp01_transition_accuracy,9,64,8,256,16,hopfield,0.671875,0.050416976686507936
exp01_transition_accuracy,9,64,8,512,16,nearest,1.0,0.03510393415178571
exp01_transition_accuracy,9,64,8,512,16,hopfield,1.0,0.03510393415178571
