summary_type,register_type,count,recovery_accuracy_mean,recovery_accuracy_std,recovery_accuracy_sem,recovery_accuracy_min,recovery_accuracy_median,recovery_accuracy_max,flip_fraction,recovery_accuracy,state_dim,num_states,8,16,32,64,recovery_at_0.00,actual_flip_for_0.00,recovery_at_0.20,actual_flip_for_0.20,recovery_at_0.30,actual_flip_for_0.30,recovery_at_0.40,actual_flip_for_0.40,degradation_0_to_40,experiment,seed,trials_per_state,mean_abs_overlap
overall_by_register_type,hopfield,1440.0,0.6992995876736111,0.3382740683064215,0.00891430441016391,0.0171875,0.8828125,1.0,,,,,,,,,,,,,,,,,,,,,
overall_by_register_type,nearest,1440.0,0.9671994357638888,0.13631230328192498,0.0035921445956210683,0.01015625,1.0,1.0,,,,,,,,,,,,,,,,,,,,,
by_register_type_flip_fraction,hopfield,160.0,0.8443359375,0.24132379528772444,0.019078321167635453,0.15625,1.0,1.0,0.0,0.8443359375,,,,,,,,,,,,,,,,,,,
by_register_type_flip_fraction,hopfield,160.0,0.8265820312500001,0.25569892745463263,0.020214775150469995,0.14375,1.0,1.0,0.05,0.8265820312500001,,,,,,,,,,,,,,,,,,,
by_register_type_flip_fraction,hopfield,160.0,0.8096240234375,0.2705225832170722,0.021386688036959717,0.15546875,1.0,1.0,0.1,0.8096240234375,,,,,,,,,,,,,,,,,,,
by_register_type_flip_fraction,hopfield,160.0,0.7842919921875,0.2932388442716717,0.02318256615834754,0.128125,0.99609375,1.0,0.15,0.7842919921875,,,,,,,,,,,,,,,,,,,
by_register_type_flip_fraction,hopfield,160.0,0.752880859375,0.3142136239587223,0.024840768089130383,0.08828125,0.9800781249999999,1.0,0.2,0.752880859375,,,,,,,,,,,,,,,,,,,
by_register_type_flip_fraction,hopfield,160.0,0.7103662109375,0.33223851538051524,0.026265760875882796,0.08515625,0.921875,1.0,0.25,0.7103662109375,,,,,,,,,,,,,,,,,,,
by_register_type_flip_fraction,hopfield,160.0,0.6390039062499999,0.3472179531028501,0.02744998940766337,0.059375,0.759765625,1.0,0.3,0.6390039062499999,,,,,,,,,,,,,,,,,,,
by_register_type_flip_fraction,hopfield,160.0,0.5372412109375,0.35654916522139707,0.02818768649828271,0.04921875,0.503515625,1.0,0.35,0.5372412109375,,,,,,,,,,,,,,,,,,,
by_register_type_flip_fraction,hopfield,160.0,0.38937011718750003,0.3305810054567045,0.02613472321079344,0.0171875,0.240234375,1.0,0.4,0.38937011718750003,,,,,,,,,,,,,,,,,,,
by_register_type_flip_fraction,nearest,160.0,1.0,0.0,0.0,1.0,1.0,1.0,0.0,1.0,,,,,,,,,,,,,,,,,,,
by_register_type_flip_fraction,nearest,160.0,1.0,0.0,0.0,1.0,1.0,1.0,0.05,1.0,,,,,,,,,,,,,,,,,,,
by_register_type_flip_fraction,nearest,160.0,1.0,0.0,0.0,1.0,1.0,1.0,0.1,1.0,,,,,,,,,,,,,,,,,,,
by_register_type_flip_fraction,nearest,160.0,1.0,0.0,0.0,1.0,1.0,1.0,0.15,1.0,,,,,,,,,,,,,,,,,,,
by_register_type_flip_fraction,nearest,160.0,1.0,0.0,0.0,1.0,1.0,1.0,0.2,1.0,,,,,,,,,,,,,,,,,,,
by_register_type_flip_fraction,nearest,160.0,0.9997656250000002,0.0008349287008688781,6.600690946477651e-05,0.99375,1.0,1.0,0.25,0.9997656250000002,,,,,,,,,,,,,,,,,,,
by_register_type_flip_fraction,nearest,160.0,0.9957763671875,0.009457875659206007,0.0007477107227439359,0.95859375,1.0,1.0,0.3,0.9957763671875,,,,,,,,,,,,,,,,,,,
by_register_type_flip_fraction,nearest,160.0,0.9571093749999999,0.08743272908230575,0.00691216414861324,0.66171875,1.0,1.0,0.35,0.9571093749999999,,,,,,,,,,,,,,,,,,,
by_register_type_flip_fraction,nearest,160.0,0.7521435546875,0.3263205222080616,0.025797902435825817,0.01015625,0.9625,1.0,0.4,0.7521435546875,,,,,,,,,,,,,,,,,,,
by_register_type_state_dim_num_states,hopfield,90.0,0.823888888888889,0.22683702667974834,0.023910722065612892,0.2625,0.95,1.0,,0.823888888888889,64.0,8.0,,,,,,,,,,,,,,,,,
by_register_type_state_dim_num_states,hopfield,90.0,0.4990972222222222,0.2638717520636513,0.027814524890012467,0.103125,0.49531250000000004,1.0,,0.4990972222222222,64.0,16.0,,,,,,,,,,,,,,,,,
by_register_type_state_dim_num_states,hopfield,90.0,0.27769097222222217,0.17385778989201736,0.01832622016739248,0.0625,0.234375,0.78125,,0.27769097222222217,64.0,32.0,,,,,,,,,,,,,,,,,
by_register_type_state_dim_num_states,hopfield,90.0,0.15825520833333334,0.09781970520025728,0.01031110228263434,0.0171875,0.144140625,0.421875,,0.15825520833333334,64.0,64.0,,,,,,,,,,,,,,,,,
by_register_type_state_dim_num_states,hopfield,90.0,0.9413888888888888,0.12406807726608955,0.013077923635953313,0.5375,1.0,1.0,,0.9413888888888888,128.0,8.0,,,,,,,,,,,,,,,,,
by_register_type_state_dim_num_states,hopfield,90.0,0.7750347222222221,0.26759841728063666,0.028207349895432443,0.18125,0.9015625,1.0,,0.7750347222222221,128.0,16.0,,,,,,,,,,,,,,,,,
by_register_type_state_dim_num_states,hopfield,90.0,0.4529166666666668,0.2243024259801079,0.023643551693282226,0.0859375,0.45234375,0.96875,,0.4529166666666668,128.0,32.0,,,,,,,,,,,,,,,,,
by_register_type_state_dim_num_states,hopfield,90.0,0.2778993055555556,0.1488215410309554,0.015687167818467403,0.046875,0.285546875,0.59375,,0.2778993055555556,128.0,64.0,,,,,,,,,,,,,,,,,
by_register_type_state_dim_num_states,hopfield,90.0,0.9890972222222222,0.032611642610734695,0.0034375689629773843,0.83125,1.0,1.0,,0.9890972222222222,256.0,8.0,,,,,,,,,,,,,,,,,
by_register_type_state_dim_num_states,hopfield,90.0,0.9359027777777779,0.13952420627065282,0.01470714268474701,0.465625,1.0,1.0,,0.9359027777777779,256.0,16.0,,,,,,,,,,,,,,,,,
by_register_type_state_dim_num_states,hopfield,90.0,0.7962673611111111,0.27433202342960855,0.02891713430534132,0.19375,0.95546875,1.0,,0.7962673611111111,256.0,32.0,,,,,,,,,,,,,,,,,
by_register_type_state_dim_num_states,hopfield,90.0,0.4836197916666667,0.22874911769233738,0.024112274155390197,0.0875,0.516796875,0.921875,,0.4836197916666667,256.0,64.0,,,,,,,,,,,,,,,,,
by_register_type_state_dim_num_states,hopfield,90.0,0.9996527777777777,0.0017176767872821763,0.00018105903106040733,0.9875,1.0,1.0,,0.9996527777777777,512.0,8.0,,,,,,,,,,,,,,,,,
by_register_type_state_dim_num_states,hopfield,90.0,0.9949305555555554,0.015169467679780006,0.001599002292013819,0.934375,1.0,1.0,,0.9949305555555554,512.0,16.0,,,,,,,,,,,,,,,,,
by_register_type_state_dim_num_states,hopfield,90.0,0.9539409722222222,0.11978344932937773,0.012626284195740075,0.575,1.0,1.0,,0.9539409722222222,512.0,32.0,,,,,,,,,,,,,,,,,
by_register_type_state_dim_num_states,hopfield,90.0,0.8292100694444446,0.262237536993074,0.02764226349635923,0.196875,0.990625,1.0,,0.8292100694444446,512.0,64.0,,,,,,,,,,,,,,,,,
by_register_type_state_dim_num_states,nearest,90.0,0.9497916666666666,0.12481886454630652,0.013157063564078935,0.55,1.0,1.0,,0.9497916666666666,64.0,8.0,,,,,,,,,,,,,,,,,
by_register_type_state_dim_num_states,nearest,90.0,0.9192013888888888,0.1994256154222232,0.021021305617167568,0.328125,1.0,1.0,,0.9192013888888888,64.0,16.0,,,,,,,,,,,,,,,,,
by_register_type_state_dim_num_states,nearest,90.0,0.8788368055555554,0.27770245893130413,0.029272409401742996,0.096875,1.0,1.0,,0.8788368055555554,64.0,32.0,,,,,,,,,,,,,,,,,
by_register_type_state_dim_num_states,nearest,90.0,0.8503211805555556,0.3142588733583475,0.03312579382435954,0.01015625,1.0,1.0,,0.8503211805555556,64.0,64.0,,,,,,,,,,,,,,,,,
by_register_type_state_dim_num_states,nearest,90.0,0.9925,0.023105917574645075,0.002435577565466402,0.88125,1.0,1.0,,0.9925,128.0,8.0,,,,,,,,,,,,,,,,,
by_register_type_state_dim_num_states,nearest,90.0,0.9815277777777779,0.050575264367008106,0.005331100955496653,0.790625,1.0,1.0,,0.9815277777777779,128.0,16.0,,,,,,,,,,,,,,,,,
by_register_type_state_dim_num_states,nearest,90.0,0.9674305555555557,0.08875408947911381,0.009355502480279566,0.6953125,1.0,1.0,,0.9674305555555557,128.0,32.0,,,,,,,,,,,,,,,,,
by_register_type_state_dim_num_states,nearest,90.0,0.9425607638888889,0.15488750351669864,0.01632657640700358,0.4890625,1.0,1.0,,0.9425607638888889,128.0,64.0,,,,,,,,,,,,,,,,,
by_register_type_state_dim_num_states,nearest,90.0,0.9995833333333334,0.001826382806889987,0.0001925176516381275,0.9875,1.0,1.0,,0.9995833333333334,256.0,8.0,,,,,,,,,,,,,,,,,
by_register_type_state_dim_num_states,nearest,90.0,0.9991666666666666,0.003028713247005114,0.0003192544080020102,0.98125,1.0,1.0,,0.9991666666666666,256.0,16.0,,,,,,,,,,,,,,,,,
by_register_type_state_dim_num_states,nearest,90.0,0.9981770833333333,0.005393620168148517,0.0005685374855056558,0.9734375,1.0,1.0,,0.9981770833333333,256.0,32.0,,,,,,,,,,,,,,,,,
by_register_type_state_dim_num_states,nearest,90.0,0.9961284722222222,0.011184210375333849,0.0011789192872180545,0.95625,1.0,1.0,,0.9961284722222222,256.0,64.0,,,,,,,,,,,,,,,,,
by_register_type_state_dim_num_states,nearest,90.0,1.0,0.0,0.0,1.0,1.0,1.0,,1.0,512.0,8.0,,,,,,,,,,,,,,,,,
by_register_type_state_dim_num_states,nearest,90.0,1.0,0.0,0.0,1.0,1.0,1.0,,1.0,512.0,16.0,,,,,,,,,,,,,,,,,
by_register_type_state_dim_num_states,nearest,90.0,0.9999826388888888,0.00016470196146710543,1.736111111111136e-05,0.9984375,1.0,1.0,,0.9999826388888888,512.0,32.0,,,,,,,,,,,,,,,,,
by_register_type_state_dim_num_states,nearest,90.0,0.9999826388888888,0.00011580574537418847,1.2206997383864795e-05,0.99921875,1.0,1.0,,0.9999826388888888,512.0,64.0,,,,,,,,,,,,,,,,,
nearest_recovery_by_flip_fraction,,,,,,,,,0.0,1.0,,,,,,,,,,,,,,,,,,,
nearest_recovery_by_flip_fraction,,,,,,,,,0.05,1.0,,,,,,,,,,,,,,,,,,,
nearest_recovery_by_flip_fraction,,,,,,,,,0.1,1.0,,,,,,,,,,,,,,,,,,,
nearest_recovery_by_flip_fraction,,,,,,,,,0.15,1.0,,,,,,,,,,,,,,,,,,,
nearest_recovery_by_flip_fraction,,,,,,,,,0.2,1.0,,,,,,,,,,,,,,,,,,,
nearest_recovery_by_flip_fraction,,,,,,,,,0.25,0.9997656250000002,,,,,,,,,,,,,,,,,,,
nearest_recovery_by_flip_fraction,,,,,,,,,0.3,0.9957763671875,,,,,,,,,,,,,,,,,,,
nearest_recovery_by_flip_fraction,,,,,,,,,0.35,0.9571093749999999,,,,,,,,,,,,,,,,,,,
nearest_recovery_by_flip_fraction,,,,,,,,,0.4,0.7521435546875,,,,,,,,,,,,,,,,,,,
hopfield_recovery_by_flip_fraction,,,,,,,,,0.0,0.8443359375,,,,,,,,,,,,,,,,,,,
hopfield_recovery_by_flip_fraction,,,,,,,,,0.05,0.8265820312500001,,,,,,,,,,,,,,,,,,,
hopfield_recovery_by_flip_fraction,,,,,,,,,0.1,0.8096240234375,,,,,,,,,,,,,,,,,,,
hopfield_recovery_by_flip_fraction,,,,,,,,,0.15,0.7842919921875,,,,,,,,,,,,,,,,,,,
hopfield_recovery_by_flip_fraction,,,,,,,,,0.2,0.752880859375,,,,,,,,,,,,,,,,,,,
hopfield_recovery_by_flip_fraction,,,,,,,,,0.25,0.7103662109375,,,,,,,,,,,,,,,,,,,
hopfield_recovery_by_flip_fraction,,,,,,,,,0.3,0.6390039062499999,,,,,,,,,,,,,,,,,,,
hopfield_recovery_by_flip_fraction,,,,,,,,,0.35,0.5372412109375,,,,,,,,,,,,,,,,,,,
hopfield_recovery_by_flip_fraction,,,,,,,,,0.4,0.38937011718750003,,,,,,,,,,,,,,,,,,,
hopfield_state_dim_x_num_states_pivot,,,,,,,,,,,64.0,,0.823888888888889,0.4990972222222222,0.27769097222222217,0.15825520833333334,,,,,,,,,,,,,
hopfield_state_dim_x_num_states_pivot,,,,,,,,,,,128.0,,0.9413888888888888,0.7750347222222221,0.4529166666666668,0.2778993055555556,,,,,,,,,,,,,
hopfield_state_dim_x_num_states_pivot,,,,,,,,,,,256.0,,0.9890972222222222,0.9359027777777779,0.7962673611111111,0.4836197916666667,,,,,,,,,,,,,
hopfield_state_dim_x_num_states_pivot,,,,,,,,,,,512.0,,0.9996527777777777,0.9949305555555554,0.9539409722222222,0.8292100694444446,,,,,,,,,,,,,
zero_noise_by_register_type,hopfield,160.0,0.8443359375,0.24132379528772444,0.019078321167635453,0.15625,1.0,1.0,,,,,,,,,,,,,,,,,,,,,
zero_noise_by_register_type,nearest,160.0,1.0,0.0,0.0,1.0,1.0,1.0,,,,,,,,,,,,,,,,,,,,,
zero_noise_by_register_type_state_dim_num_states,hopfield,10.0,1.0,0.0,0.0,1.0,1.0,1.0,,1.0,64.0,8.0,,,,,,,,,,,,,,,,,
zero_noise_by_register_type_state_dim_num_states,hopfield,10.0,0.85625,0.11429888936954335,0.0361444824435364,0.625,0.875,1.0,,0.85625,64.0,16.0,,,,,,,,,,,,,,,,,
zero_noise_by_register_type_state_dim_num_states,hopfield,10.0,0.484375,0.19612677483086177,0.06202073186085081,0.15625,0.515625,0.78125,,0.484375,64.0,32.0,,,,,,,,,,,,,,,,,
zero_noise_by_register_type_state_dim_num_states,hopfield,10.0,0.3046875,0.0684058621696026,0.021631832976349154,0.21875,0.296875,0.421875,,0.3046875,64.0,64.0,,,,,,,,,,,,,,,,,
zero_noise_by_register_type_state_dim_num_states,hopfield,10.0,1.0,0.0,0.0,1.0,1.0,1.0,,1.0,128.0,8.0,,,,,,,,,,,,,,,,,
zero_noise_by_register_type_state_dim_num_states,hopfield,10.0,0.98125,0.05929270612815711,0.01875,0.8125,1.0,1.0,,0.98125,128.0,16.0,,,,,,,,,,,,,,,,,
zero_noise_by_register_type_state_dim_num_states,hopfield,10.0,0.70625,0.15742612906093803,0.04978251310561884,0.40625,0.71875,0.96875,,0.70625,128.0,32.0,,,,,,,,,,,,,,,,,
zero_noise_by_register_type_state_dim_num_states,hopfield,10.0,0.4828125,0.06440246851937347,0.020365848745851203,0.40625,0.4765625,0.59375,,0.4828125,128.0,64.0,,,,,,,,,,,,,,,,,
zero_noise_by_register_type_state_dim_num_states,hopfield,10.0,1.0,0.0,0.0,1.0,1.0,1.0,,1.0,256.0,8.0,,,,,,,,,,,,,,,,,
zero_noise_by_register_type_state_dim_num_states,hopfield,10.0,1.0,0.0,0.0,1.0,1.0,1.0,,1.0,256.0,16.0,,,,,,,,,,,,,,,,,
zero_noise_by_register_type_state_dim_num_states,hopfield,10.0,0.996875,0.009882117688026186,0.0031249999999999997,0.96875,1.0,1.0,,0.996875,256.0,32.0,,,,,,,,,,,,,,,,,
zero_noise_by_register_type_state_dim_num_states,hopfield,10.0,0.696875,0.14056711771724328,0.04445122561114972,0.5,0.7109375,0.921875,,0.696875,256.0,64.0,,,,,,,,,,,,,,,,,
zero_noise_by_register_type_state_dim_num_states,hopfield,10.0,1.0,0.0,0.0,1.0,1.0,1.0,,1.0,512.0,8.0,,,,,,,,,,,,,,,,,
zero_noise_by_register_type_state_dim_num_states,hopfield,10.0,1.0,0.0,0.0,1.0,1.0,1.0,,1.0,512.0,16.0,,,,,,,,,,,,,,,,,
zero_noise_by_register_type_state_dim_num_states,hopfield,10.0,1.0,0.0,0.0,1.0,1.0,1.0,,1.0,512.0,32.0,,,,,,,,,,,,,,,,,
zero_noise_by_register_type_state_dim_num_states,hopfield,10.0,1.0,0.0,0.0,1.0,1.0,1.0,,1.0,512.0,64.0,,,,,,,,,,,,,,,,,
zero_noise_by_register_type_state_dim_num_states,nearest,10.0,1.0,0.0,0.0,1.0,1.0,1.0,,1.0,64.0,8.0,,,,,,,,,,,,,,,,,
zero_noise_by_register_type_state_dim_num_states,nearest,10.0,1.0,0.0,0.0,1.0,1.0,1.0,,1.0,64.0,16.0,,,,,,,,,,,,,,,,,
zero_noise_by_register_type_state_dim_num_states,nearest,10.0,1.0,0.0,0.0,1.0,1.0,1.0,,1.0,64.0,32.0,,,,,,,,,,,,,,,,,
zero_noise_by_register_type_state_dim_num_states,nearest,10.0,1.0,0.0,0.0,1.0,1.0,1.0,,1.0,64.0,64.0,,,,,,,,,,,,,,,,,
zero_noise_by_register_type_state_dim_num_states,nearest,10.0,1.0,0.0,0.0,1.0,1.0,1.0,,1.0,128.0,8.0,,,,,,,,,,,,,,,,,
zero_noise_by_register_type_state_dim_num_states,nearest,10.0,1.0,0.0,0.0,1.0,1.0,1.0,,1.0,128.0,16.0,,,,,,,,,,,,,,,,,
zero_noise_by_register_type_state_dim_num_states,nearest,10.0,1.0,0.0,0.0,1.0,1.0,1.0,,1.0,128.0,32.0,,,,,,,,,,,,,,,,,
zero_noise_by_register_type_state_dim_num_states,nearest,10.0,1.0,0.0,0.0,1.0,1.0,1.0,,1.0,128.0,64.0,,,,,,,,,,,,,,,,,
zero_noise_by_register_type_state_dim_num_states,nearest,10.0,1.0,0.0,0.0,1.0,1.0,1.0,,1.0,256.0,8.0,,,,,,,,,,,,,,,,,
zero_noise_by_register_type_state_dim_num_states,nearest,10.0,1.0,0.0,0.0,1.0,1.0,1.0,,1.0,256.0,16.0,,,,,,,,,,,,,,,,,
zero_noise_by_register_type_state_dim_num_states,nearest,10.0,1.0,0.0,0.0,1.0,1.0,1.0,,1.0,256.0,32.0,,,,,,,,,,,,,,,,,
zero_noise_by_register_type_state_dim_num_states,nearest,10.0,1.0,0.0,0.0,1.0,1.0,1.0,,1.0,256.0,64.0,,,,,,,,,,,,,,,,,
zero_noise_by_register_type_state_dim_num_states,nearest,10.0,1.0,0.0,0.0,1.0,1.0,1.0,,1.0,512.0,8.0,,,,,,,,,,,,,,,,,
zero_noise_by_register_type_state_dim_num_states,nearest,10.0,1.0,0.0,0.0,1.0,1.0,1.0,,1.0,512.0,16.0,,,,,,,,,,,,,,,,,
zero_noise_by_register_type_state_dim_num_states,nearest,10.0,1.0,0.0,0.0,1.0,1.0,1.0,,1.0,512.0,32.0,,,,,,,,,,,,,,,,,
zero_noise_by_register_type_state_dim_num_states,nearest,10.0,1.0,0.0,0.0,1.0,1.0,1.0,,1.0,512.0,64.0,,,,,,,,,,,,,,,,,
noise_degradation,hopfield,,,,,,,,,,,,,,,,0.8443359375,0.0,0.752880859375,0.2,0.6390039062499999,0.3,0.38937011718750003,0.4,0.4549658203125,,,,
noise_degradation,nearest,,,,,,,,,,,,,,,,1.0,0.0,1.0,0.2,0.9957763671875,0.3,0.7521435546875,0.4,0.24785644531249995,,,,
worst_rows,nearest,,,,,,,,0.4,0.01015625,64.0,64.0,,,,,,,,,,,,,,exp02_noise_recovery,8.0,20.0,0.0993148561507936
worst_rows,nearest,,,,,,,,0.4,0.01015625,64.0,64.0,,,,,,,,,,,,,,exp02_noise_recovery,9.0,20.0,0.0991908482142857
worst_rows,nearest,,,,,,,,0.4,0.01171875,64.0,64.0,,,,,,,,,,,,,,exp02_noise_recovery,6.0,20.0,0.1017330109126984
worst_rows,nearest,,,,,,,,0.4,0.01328125,64.0,64.0,,,,,,,,,,,,,,exp02_noise_recovery,0.0,20.0,0.1010354662698412
worst_rows,nearest,,,,,,,,0.4,0.01328125,64.0,64.0,,,,,,,,,,,,,,exp02_noise_recovery,3.0,20.0,0.1013919890873015
worst_rows,nearest,,,,,,,,0.4,0.01328125,64.0,64.0,,,,,,,,,,,,,,exp02_noise_recovery,4.0,20.0,0.0993923611111111
worst_rows,nearest,,,,,,,,0.4,0.0140625,64.0,64.0,,,,,,,,,,,,,,exp02_noise_recovery,1.0,20.0,0.1003379216269841
worst_rows,nearest,,,,,,,,0.4,0.01640625,64.0,64.0,,,,,,,,,,,,,,exp02_noise_recovery,2.0,20.0,0.1007564484126984
worst_rows,nearest,,,,,,,,0.4,0.01640625,64.0,64.0,,,,,,,,,,,,,,exp02_noise_recovery,7.0,20.0,0.1036551339285714
worst_rows,nearest,,,,,,,,0.4,0.0171875,64.0,64.0,,,,,,,,,,,,,,exp02_noise_recovery,5.0,20.0,0.099454365079365
worst_rows,hopfield,,,,,,,,0.4,0.0171875,64.0,64.0,,,,,,,,,,,,,,exp02_noise_recovery,8.0,20.0,0.0993148561507936
worst_rows,hopfield,,,,,,,,0.4,0.02734375,64.0,64.0,,,,,,,,,,,,,,exp02_noise_recovery,9.0,20.0,0.0991908482142857
worst_rows,hopfield,,,,,,,,0.4,0.03359375,64.0,64.0,,,,,,,,,,,,,,exp02_noise_recovery,4.0,20.0,0.0993923611111111
worst_rows,hopfield,,,,,,,,0.4,0.03359375,64.0,64.0,,,,,,,,,,,,,,exp02_noise_recovery,6.0,20.0,0.1017330109126984
worst_rows,hopfield,,,,,,,,0.4,0.034375,64.0,64.0,,,,,,,,,,,,,,exp02_noise_recovery,7.0,20.0,0.1036551339285714
worst_rows,hopfield,,,,,,,,0.4,0.03671875,64.0,64.0,,,,,,,,,,,,,,exp02_noise_recovery,2.0,20.0,0.1007564484126984
worst_rows,hopfield,,,,,,,,0.4,0.03984375,64.0,64.0,,,,,,,,,,,,,,exp02_noise_recovery,0.0,20.0,0.1010354662698412
worst_rows,hopfield,,,,,,,,0.4,0.03984375,64.0,64.0,,,,,,,,,,,,,,exp02_noise_recovery,1.0,20.0,0.1003379216269841
worst_rows,hopfield,,,,,,,,0.4,0.03984375,64.0,64.0,,,,,,,,,,,,,,exp02_noise_recovery,3.0,20.0,0.1013919890873015
worst_rows,hopfield,,,,,,,,0.4,0.04375,64.0,64.0,,,,,,,,,,,,,,exp02_noise_recovery,5.0,20.0,0.099454365079365
