summary_type,register_type,count,sparse_transition_accuracy_mean,sparse_transition_accuracy_std,sparse_transition_accuracy_sem,sparse_transition_accuracy_min,sparse_transition_accuracy_median,sparse_transition_accuracy_max,mode,write_fraction,sparse_transition_accuracy,state_dim,threshold,first_write_fraction_reaching_threshold,random_noise_mean,keep_current_mean,random_noise_minus_keep_current,0.05,0.1,0.15,0.2,0.3,0.4,0.5,0.75,1.0,experiment,seed,num_states,num_inputs,input_dim,mean_abs_overlap
overall_by_register_type,hopfield,1620.0,0.4847608024691358,0.399246845535326,0.009919367626881637,0.0078125,0.359375,1.0,,,,,,,,,,,,,,,,,,,,,,,,
overall_by_register_type,nearest,1620.0,0.5721450617283951,0.4151071280465947,0.010313419513965503,0.0078125,0.625,1.0,,,,,,,,,,,,,,,,,,,,,,,,
by_register_type_mode,hopfield,810.0,0.3150848765432099,0.36746070419758936,0.012911253065264198,0.0078125,0.125,1.0,keep_current,,,,,,,,,,,,,,,,,,,,,,,
by_register_type_mode,hopfield,810.0,0.6544367283950617,0.355407843748621,0.012487758717054202,0.015625,0.78125,1.0,random_noise,,,,,,,,,,,,,,,,,,,,,,,
by_register_type_mode,nearest,810.0,0.33448109567901235,0.3864469518891014,0.013578361808878553,0.0078125,0.125,1.0,keep_current,,,,,,,,,,,,,,,,,,,,,,,
by_register_type_mode,nearest,810.0,0.8098090277777777,0.28703944696432476,0.01008553811913745,0.0546875,1.0,1.0,random_noise,,,,,,,,,,,,,,,,,,,,,,,
by_register_type_mode_write_fraction,hopfield,90.0,0.07734375,0.05246734893750107,0.005530544181110626,0.0078125,0.0625,0.1875,keep_current,0.05,0.07734375,,,,,,,,,,,,,,,,,,,,,
by_register_type_mode_write_fraction,hopfield,90.0,0.07769097222222222,0.052156798024358374,0.005497809240611425,0.0078125,0.0625,0.1875,keep_current,0.1,0.07769097222222222,,,,,,,,,,,,,,,,,,,,,
by_register_type_mode_write_fraction,hopfield,90.0,0.07769097222222222,0.052248757075822584,0.005507502575747943,0.0078125,0.0625,0.1875,keep_current,0.15,0.07769097222222222,,,,,,,,,,,,,,,,,,,,,
by_register_type_mode_write_fraction,hopfield,90.0,0.07890625,0.051570878405097144,0.00543604788985662,0.0078125,0.0625,0.1875,keep_current,0.2,0.07890625,,,,,,,,,,,,,,,,,,,,,
by_register_type_mode_write_fraction,hopfield,90.0,0.08315972222222222,0.049553493601887544,0.00522339686001819,0.0078125,0.0625,0.1875,keep_current,0.3,0.08315972222222222,,,,,,,,,,,,,,,,,,,,,
by_register_type_mode_write_fraction,hopfield,90.0,0.1140625,0.05743141366256709,0.006053802547234165,0.015625,0.109375,0.28125,keep_current,0.4,0.1140625,,,,,,,,,,,,,,,,,,,,,
by_register_type_mode_write_fraction,hopfield,90.0,0.4084201388888889,0.12156798662114189,0.012814390942789513,0.125,0.40234375,0.75,keep_current,0.5,0.4084201388888889,,,,,,,,,,,,,,,,,,,,,
by_register_type_mode_write_fraction,hopfield,90.0,0.9488715277777777,0.13109044018471463,0.013818145681925409,0.3046875,1.0,1.0,keep_current,0.75,0.9488715277777777,,,,,,,,,,,,,,,,,,,,,
by_register_type_mode_write_fraction,hopfield,90.0,0.9696180555555556,0.08814317409838,0.009291106344921307,0.5,1.0,1.0,keep_current,1.0,0.9696180555555556,,,,,,,,,,,,,,,,,,,,,
by_register_type_mode_write_fraction,hopfield,90.0,0.15243055555555557,0.10108699488113197,0.010655504854871965,0.015625,0.1171875,0.4375,random_noise,0.05,0.15243055555555557,,,,,,,,,,,,,,,,,,,,,
by_register_type_mode_write_fraction,hopfield,90.0,0.2769097222222222,0.1944630795756355,0.020498208408985932,0.0234375,0.2109375,0.84375,random_noise,0.1,0.2769097222222222,,,,,,,,,,,,,,,,,,,,,
by_register_type_mode_write_fraction,hopfield,90.0,0.44244791666666666,0.27433627869288013,0.028917582849474047,0.0390625,0.37109375,0.96875,random_noise,0.15,0.44244791666666666,,,,,,,,,,,,,,,,,,,,,
by_register_type_mode_write_fraction,hopfield,90.0,0.5749131944444444,0.2919176355752344,0.030770820586291266,0.1015625,0.59375,1.0,random_noise,0.2,0.5749131944444444,,,,,,,,,,,,,,,,,,,,,
by_register_type_mode_write_fraction,hopfield,90.0,0.7622395833333333,0.27693031526507894,0.029191018312871516,0.1328125,0.90625,1.0,random_noise,0.3,0.7622395833333333,,,,,,,,,,,,,,,,,,,,,
by_register_type_mode_write_fraction,hopfield,90.0,0.85,0.2224623545905507,0.0234495911383385,0.203125,0.98828125,1.0,random_noise,0.4,0.85,,,,,,,,,,,,,,,,,,,,,
by_register_type_mode_write_fraction,hopfield,90.0,0.9064236111111111,0.18319682311315214,0.019310640704817972,0.21875,1.0,1.0,random_noise,0.5,0.9064236111111111,,,,,,,,,,,,,,,,,,,,,
by_register_type_mode_write_fraction,hopfield,90.0,0.9549479166666667,0.12223756975433217,0.012884971202246619,0.3515625,1.0,1.0,random_noise,0.75,0.9549479166666667,,,,,,,,,,,,,,,,,,,,,
by_register_type_mode_write_fraction,hopfield,90.0,0.9696180555555556,0.08814317409838,0.009291106344921307,0.5,1.0,1.0,random_noise,1.0,0.9696180555555556,,,,,,,,,,,,,,,,,,,,,
by_register_type_mode_write_fraction,nearest,90.0,0.07786458333333333,0.052013134457312205,0.0054826657709897515,0.0078125,0.0625,0.1875,keep_current,0.05,0.07786458333333333,,,,,,,,,,,,,,,,,,,,,
by_register_type_mode_write_fraction,nearest,90.0,0.07786458333333333,0.052013134457312205,0.0054826657709897515,0.0078125,0.0625,0.1875,keep_current,0.1,0.07786458333333333,,,,,,,,,,,,,,,,,,,,,
by_register_type_mode_write_fraction,nearest,90.0,0.07786458333333333,0.052013134457312205,0.0054826657709897515,0.0078125,0.0625,0.1875,keep_current,0.15,0.07786458333333333,,,,,,,,,,,,,,,,,,,,,
by_register_type_mode_write_fraction,nearest,90.0,0.07786458333333333,0.052013134457312205,0.0054826657709897515,0.0078125,0.0625,0.1875,keep_current,0.2,0.07786458333333333,,,,,,,,,,,,,,,,,,,,,
by_register_type_mode_write_fraction,nearest,90.0,0.07786458333333333,0.052013134457312205,0.0054826657709897515,0.0078125,0.0625,0.1875,keep_current,0.3,0.07786458333333333,,,,,,,,,,,,,,,,,,,,,
by_register_type_mode_write_fraction,nearest,90.0,0.08107638888888889,0.05290376752305627,0.0055765467392300755,0.0078125,0.0625,0.1875,keep_current,0.4,0.08107638888888889,,,,,,,,,,,,,,,,,,,,,
by_register_type_mode_write_fraction,nearest,90.0,0.5399305555555556,0.06932974688442672,0.007307996991925031,0.375,0.53125,0.71875,keep_current,0.5,0.5399305555555556,,,,,,,,,,,,,,,,,,,,,
by_register_type_mode_write_fraction,nearest,90.0,1.0,0.0,0.0,1.0,1.0,1.0,keep_current,0.75,1.0,,,,,,,,,,,,,,,,,,,,,
by_register_type_mode_write_fraction,nearest,90.0,1.0,0.0,0.0,1.0,1.0,1.0,keep_current,1.0,1.0,,,,,,,,,,,,,,,,,,,,,
by_register_type_mode_write_fraction,nearest,90.0,0.23463541666666668,0.1286363737348324,0.01355946436489103,0.0546875,0.21875,0.59375,random_noise,0.05,0.23463541666666668,,,,,,,,,,,,,,,,,,,,,
by_register_type_mode_write_fraction,nearest,90.0,0.48828125,0.19462924732011544,0.020515724027192914,0.15625,0.4765625,0.90625,random_noise,0.1,0.48828125,,,,,,,,,,,,,,,,,,,,,
by_register_type_mode_write_fraction,nearest,90.0,0.7064236111111111,0.21182151221079604,0.02232794786690946,0.296875,0.7109375,1.0,random_noise,0.15,0.7064236111111111,,,,,,,,,,,,,,,,,,,,,
by_register_type_mode_write_fraction,nearest,90.0,0.8770833333333333,0.1337607629818369,0.014099622419484679,0.53125,0.921875,1.0,random_noise,0.2,0.8770833333333333,,,,,,,,,,,,,,,,,,,,,
by_register_type_mode_write_fraction,nearest,90.0,0.9822916666666667,0.03213289316313904,0.0033871043402123944,0.875,1.0,1.0,random_noise,0.3,0.9822916666666667,,,,,,,,,,,,,,,,,,,,,
by_register_type_mode_write_fraction,nearest,90.0,0.9995659722222222,0.0027116736999199783,0.00028583550543076936,0.9765625,1.0,1.0,random_noise,0.4,0.9995659722222222,,,,,,,,,,,,,,,,,,,,,
by_register_type_mode_write_fraction,nearest,90.0,1.0,0.0,0.0,1.0,1.0,1.0,random_noise,0.5,1.0,,,,,,,,,,,,,,,,,,,,,
by_register_type_mode_write_fraction,nearest,90.0,1.0,0.0,0.0,1.0,1.0,1.0,random_noise,0.75,1.0,,,,,,,,,,,,,,,,,,,,,
by_register_type_mode_write_fraction,nearest,90.0,1.0,0.0,0.0,1.0,1.0,1.0,random_noise,1.0,1.0,,,,,,,,,,,,,,,,,,,,,
by_register_type_mode_state_dim_write_fraction,hopfield,30.0,0.07630208333333334,0.053958477219330635,0.009851425047218672,0.0078125,0.0625,0.1875,keep_current,0.05,0.07630208333333334,128.0,,,,,,,,,,,,,,,,,,,,
by_register_type_mode_state_dim_write_fraction,hopfield,30.0,0.07734375,0.05304054836644254,0.009683834934248124,0.015625,0.0625,0.1875,keep_current,0.1,0.07734375,128.0,,,,,,,,,,,,,,,,,,,,
by_register_type_mode_state_dim_write_fraction,hopfield,30.0,0.07734375,0.053317586393775915,0.009734414926533864,0.0078125,0.0625,0.1875,keep_current,0.15,0.07734375,128.0,,,,,,,,,,,,,,,,,,,,
by_register_type_mode_state_dim_write_fraction,hopfield,30.0,0.08072916666666667,0.05138723041488657,0.00938198175531631,0.015625,0.0625,0.1875,keep_current,0.2,0.08072916666666667,128.0,,,,,,,,,,,,,,,,,,,,
by_register_type_mode_state_dim_write_fraction,hopfield,30.0,0.09114583333333333,0.04487157900865408,0.00819239200463838,0.0234375,0.078125,0.1875,keep_current,0.3,0.09114583333333333,128.0,,,,,,,,,,,,,,,,,,,,
by_register_type_mode_state_dim_write_fraction,hopfield,30.0,0.15130208333333334,0.0495587400825566,0.009048146621583895,0.046875,0.15234375,0.28125,keep_current,0.4,0.15130208333333334,128.0,,,,,,,,,,,,,,,,,,,,
by_register_type_mode_state_dim_write_fraction,hopfield,30.0,0.35260416666666666,0.1301752831618367,0.02376664633912013,0.125,0.359375,0.59375,keep_current,0.5,0.35260416666666666,128.0,,,,,,,,,,,,,,,,,,,,
by_register_type_mode_state_dim_write_fraction,hopfield,30.0,0.8526041666666667,0.19504543522769488,0.03561026153754042,0.3046875,0.984375,1.0,keep_current,0.75,0.8526041666666667,128.0,,,,,,,,,,,,,,,,,,,,
by_register_type_mode_state_dim_write_fraction,hopfield,30.0,0.91015625,0.1352970259229638,0.0247017443537895,0.5,1.0,1.0,keep_current,1.0,0.91015625,128.0,,,,,,,,,,,,,,,,,,,,
by_register_type_mode_state_dim_write_fraction,hopfield,30.0,0.07786458333333333,0.05260758958079562,0.009604787836458503,0.0078125,0.0625,0.1875,keep_current,0.05,0.07786458333333333,256.0,,,,,,,,,,,,,,,,,,,,
by_register_type_mode_state_dim_write_fraction,hopfield,30.0,0.07786458333333333,0.05260758958079562,0.009604787836458503,0.0078125,0.0625,0.1875,keep_current,0.1,0.07786458333333333,256.0,,,,,,,,,,,,,,,,,,,,
by_register_type_mode_state_dim_write_fraction,hopfield,30.0,0.07786458333333333,0.05260758958079562,0.009604787836458503,0.0078125,0.0625,0.1875,keep_current,0.15,0.07786458333333333,256.0,,,,,,,,,,,,,,,,,,,,
by_register_type_mode_state_dim_write_fraction,hopfield,30.0,0.078125,0.05242791901087001,0.009571984628435814,0.0078125,0.0625,0.1875,keep_current,0.2,0.078125,256.0,,,,,,,,,,,,,,,,,,,,
by_register_type_mode_state_dim_write_fraction,hopfield,30.0,0.08046875,0.051502463088696895,0.009403020266918827,0.0078125,0.0625,0.1875,keep_current,0.3,0.08046875,256.0,,,,,,,,,,,,,,,,,,,,
by_register_type_mode_state_dim_write_fraction,hopfield,30.0,0.10963541666666667,0.05110590572561961,0.009330619129218095,0.03125,0.09765625,0.25,keep_current,0.4,0.10963541666666667,256.0,,,,,,,,,,,,,,,,,,,,
by_register_type_mode_state_dim_write_fraction,hopfield,30.0,0.40625,0.09590290219126268,0.017509394286788733,0.234375,0.3984375,0.625,keep_current,0.5,0.40625,256.0,,,,,,,,,,,,,,,,,,,,
by_register_type_mode_state_dim_write_fraction,hopfield,30.0,0.9940104166666667,0.017249024548673674,0.0031492266134229793,0.9140625,1.0,1.0,keep_current,0.75,0.9940104166666667,256.0,,,,,,,,,,,,,,,,,,,,
by_register_type_mode_state_dim_write_fraction,hopfield,30.0,0.9986979166666666,0.00713180413418185,0.0013020833333333333,0.9609375,1.0,1.0,keep_current,1.0,0.9986979166666666,256.0,,,,,,,,,,,,,,,,,,,,
by_register_type_mode_state_dim_write_fraction,hopfield,30.0,0.07786458333333333,0.05260758958079562,0.009604787836458503,0.0078125,0.0625,0.1875,keep_current,0.05,0.07786458333333333,512.0,,,,,,,,,,,,,,,,,,,,
by_register_type_mode_state_dim_write_fraction,hopfield,30.0,0.07786458333333333,0.05260758958079562,0.009604787836458503,0.0078125,0.0625,0.1875,keep_current,0.1,0.07786458333333333,512.0,,,,,,,,,,,,,,,,,,,,
by_register_type_mode_state_dim_write_fraction,hopfield,30.0,0.07786458333333333,0.05260758958079562,0.009604787836458503,0.0078125,0.0625,0.1875,keep_current,0.15,0.07786458333333333,512.0,,,,,,,,,,,,,,,,,,,,
by_register_type_mode_state_dim_write_fraction,hopfield,30.0,0.07786458333333333,0.05260758958079562,0.009604787836458503,0.0078125,0.0625,0.1875,keep_current,0.2,0.07786458333333333,512.0,,,,,,,,,,,,,,,,,,,,
by_register_type_mode_state_dim_write_fraction,hopfield,30.0,0.07786458333333333,0.05260758958079562,0.009604787836458503,0.0078125,0.0625,0.1875,keep_current,0.3,0.07786458333333333,512.0,,,,,,,,,,,,,,,,,,,,
by_register_type_mode_state_dim_write_fraction,hopfield,30.0,0.08125,0.04986005469190052,0.009103158891065069,0.015625,0.0625,0.1875,keep_current,0.4,0.08125,512.0,,,,,,,,,,,,,,,,,,,,
by_register_type_mode_state_dim_write_fraction,hopfield,30.0,0.46640625,0.1118325732858592,0.020417741017504907,0.2734375,0.45703125,0.75,keep_current,0.5,0.46640625,512.0,,,,,,,,,,,,,,,,,,,,
by_register_type_mode_state_dim_write_fraction,hopfield,30.0,1.0,0.0,0.0,1.0,1.0,1.0,keep_current,0.75,1.0,512.0,,,,,,,,,,,,,,,,,,,,
by_register_type_mode_state_dim_write_fraction,hopfield,30.0,1.0,0.0,0.0,1.0,1.0,1.0,keep_current,1.0,1.0,512.0,,,,,,,,,,,,,,,,,,,,
by_register_type_mode_state_dim_write_fraction,hopfield,30.0,0.11588541666666667,0.07755946530389167,0.014160356231660247,0.015625,0.09375,0.3125,random_noise,0.05,0.11588541666666667,128.0,,,,,,,,,,,,,,,,,,,,
by_register_type_mode_state_dim_write_fraction,hopfield,30.0,0.15885416666666666,0.10554272496190847,0.019269377080733615,0.0234375,0.1171875,0.375,random_noise,0.1,0.15885416666666666,128.0,,,,,,,,,,,,,,,,,,,,
by_register_type_mode_state_dim_write_fraction,hopfield,30.0,0.25442708333333336,0.15934017713154391,0.029091403110605138,0.0390625,0.234375,0.59375,random_noise,0.15,0.25442708333333336,128.0,,,,,,,,,,,,,,,,,,,,
by_register_type_mode_state_dim_write_fraction,hopfield,30.0,0.34869791666666666,0.2165888018208094,0.03954352415342443,0.1015625,0.2890625,0.75,random_noise,0.2,0.34869791666666666,128.0,,,,,,,,,,,,,,,,,,,,
by_register_type_mode_state_dim_write_fraction,hopfield,30.0,0.5143229166666666,0.26556226545349876,0.048484814403685385,0.1328125,0.5234375,0.90625,random_noise,0.3,0.5143229166666666,128.0,,,,,,,,,,,,,,,,,,,,
by_register_type_mode_state_dim_write_fraction,hopfield,30.0,0.65,0.2584720859878563,0.04719033066032129,0.203125,0.640625,1.0,random_noise,0.4,0.65,128.0,,,,,,,,,,,,,,,,,,,,
by_register_type_mode_state_dim_write_fraction,hopfield,30.0,0.75078125,0.24978396848727963,0.0456041046812142,0.21875,0.859375,1.0,random_noise,0.5,0.75078125,128.0,,,,,,,,,,,,,,,,,,,,
by_register_type_mode_state_dim_write_fraction,hopfield,30.0,0.8666666666666667,0.18363167176834386,0.033526402966635505,0.3515625,0.9921875,1.0,random_noise,0.75,0.8666666666666667,128.0,,,,,,,,,,,,,,,,,,,,
by_register_type_mode_state_dim_write_fraction,hopfield,30.0,0.91015625,0.1352970259229638,0.0247017443537895,0.5,1.0,1.0,random_noise,1.0,0.91015625,128.0,,,,,,,,,,,,,,,,,,,,
by_register_type_mode_state_dim_write_fraction,hopfield,30.0,0.14401041666666667,0.08871357023590831,0.01619680785834196,0.03125,0.109375,0.34375,random_noise,0.05,0.14401041666666667,256.0,,,,,,,,,,,,,,,,,,,,
by_register_type_mode_state_dim_write_fraction,hopfield,30.0,0.2518229166666667,0.16269937792237876,0.029704706460048285,0.0625,0.1875,0.59375,random_noise,0.1,0.2518229166666667,256.0,,,,,,,,,,,,,,,,,,,,
by_register_type_mode_state_dim_write_fraction,hopfield,30.0,0.4010416666666667,0.22765448544882935,0.04156383233251848,0.0703125,0.359375,0.84375,random_noise,0.15,0.4010416666666667,256.0,,,,,,,,,,,,,,,,,,,,
by_register_type_mode_state_dim_write_fraction,hopfield,30.0,0.5567708333333333,0.26286065809609593,0.047991570639961574,0.203125,0.625,0.96875,random_noise,0.2,0.5567708333333333,256.0,,,,,,,,,,,,,,,,,,,,
by_register_type_mode_state_dim_write_fraction,hopfield,30.0,0.7875,0.22047885166195058,0.04025374683602857,0.375,0.8984375,1.0,random_noise,0.3,0.7875,256.0,,,,,,,,,,,,,,,,,,,,
by_register_type_mode_state_dim_write_fraction,hopfield,30.0,0.9018229166666667,0.13484411106789607,0.024619053792872905,0.625,0.9921875,1.0,random_noise,0.4,0.9018229166666667,256.0,,,,,,,,,,,,,,,,,,,,
by_register_type_mode_state_dim_write_fraction,hopfield,30.0,0.9684895833333333,0.05002370688881412,0.009133037557676688,0.8046875,1.0,1.0,random_noise,0.5,0.9684895833333333,256.0,,,,,,,,,,,,,,,,,,,,
by_register_type_mode_state_dim_write_fraction,hopfield,30.0,0.9981770833333333,0.0063843762043506,0.0011656222875740118,0.96875,1.0,1.0,random_noise,0.75,0.9981770833333333,256.0,,,,,,,,,,,,,,,,,,,,
by_register_type_mode_state_dim_write_fraction,hopfield,30.0,0.9986979166666666,0.00713180413418185,0.0013020833333333333,0.9609375,1.0,1.0,random_noise,1.0,0.9986979166666666,256.0,,,,,,,,,,,,,,,,,,,,
by_register_type_mode_state_dim_write_fraction,hopfield,30.0,0.19739583333333333,0.11801848570013945,0.021547128940189085,0.03125,0.1796875,0.4375,random_noise,0.05,0.19739583333333333,512.0,,,,,,,,,,,,,,,,,,,,
by_register_type_mode_state_dim_write_fraction,hopfield,30.0,0.4200520833333333,0.20537836789385297,0.03749678830635268,0.109375,0.4296875,0.84375,random_noise,0.1,0.4200520833333333,512.0,,,,,,,,,,,,,,,,,,,,
by_register_type_mode_state_dim_write_fraction,hopfield,30.0,0.671875,0.246899551376319,0.04507748457557187,0.2265625,0.7265625,0.96875,random_noise,0.15,0.671875,512.0,,,,,,,,,,,,,,,,,,,,
by_register_type_mode_state_dim_write_fraction,hopfield,30.0,0.8192708333333333,0.17455701964412726,0.0318696057433203,0.453125,0.8671875,1.0,random_noise,0.2,0.8192708333333333,512.0,,,,,,,,,,,,,,,,,,,,
by_register_type_mode_state_dim_write_fraction,hopfield,30.0,0.9848958333333333,0.02642852028824991,0.00482516557445247,0.90625,1.0,1.0,random_noise,0.3,0.9848958333333333,512.0,,,,,,,,,,,,,,,,,,,,
by_register_type_mode_state_dim_write_fraction,hopfield,30.0,0.9981770833333333,0.004440006071530745,0.0008106304936124283,0.984375,1.0,1.0,random_noise,0.4,0.9981770833333333,512.0,,,,,,,,,,,,,,,,,,,,
by_register_type_mode_state_dim_write_fraction,hopfield,30.0,1.0,0.0,0.0,1.0,1.0,1.0,random_noise,0.5,1.0,512.0,,,,,,,,,,,,,,,,,,,,
by_register_type_mode_state_dim_write_fraction,hopfield,30.0,1.0,0.0,0.0,1.0,1.0,1.0,random_noise,0.75,1.0,512.0,,,,,,,,,,,,,,,,,,,,
by_register_type_mode_state_dim_write_fraction,hopfield,30.0,1.0,0.0,0.0,1.0,1.0,1.0,random_noise,1.0,1.0,512.0,,,,,,,,,,,,,,,,,,,,
by_register_type_mode_state_dim_write_fraction,nearest,30.0,0.07786458333333333,0.05260758958079562,0.009604787836458503,0.0078125,0.0625,0.1875,keep_current,0.05,0.07786458333333333,128.0,,,,,,,,,,,,,,,,,,,,
by_register_type_mode_state_dim_write_fraction,nearest,30.0,0.07786458333333333,0.05260758958079562,0.009604787836458503,0.0078125,0.0625,0.1875,keep_current,0.1,0.07786458333333333,128.0,,,,,,,,,,,,,,,,,,,,
by_register_type_mode_state_dim_write_fraction,nearest,30.0,0.07786458333333333,0.05260758958079562,0.009604787836458503,0.0078125,0.0625,0.1875,keep_current,0.15,0.07786458333333333,128.0,,,,,,,,,,,,,,,,,,,,
by_register_type_mode_state_dim_write_fraction,nearest,30.0,0.07786458333333333,0.05260758958079562,0.009604787836458503,0.0078125,0.0625,0.1875,keep_current,0.2,0.07786458333333333,128.0,,,,,,,,,,,,,,,,,,,,
by_register_type_mode_state_dim_write_fraction,nearest,30.0,0.07786458333333333,0.05260758958079562,0.009604787836458503,0.0078125,0.0625,0.1875,keep_current,0.3,0.07786458333333333,128.0,,,,,,,,,,,,,,,,,,,,
by_register_type_mode_state_dim_write_fraction,nearest,30.0,0.0875,0.054683651342407005,0.00998382312232799,0.0078125,0.078125,0.1875,keep_current,0.4,0.0875,128.0,,,,,,,,,,,,,,,,,,,,
by_register_type_mode_state_dim_write_fraction,nearest,30.0,0.553125,0.06976861001887251,0.012737947171039135,0.375,0.5625,0.6875,keep_current,0.5,0.553125,128.0,,,,,,,,,,,,,,,,,,,,
by_register_type_mode_state_dim_write_fraction,nearest,30.0,1.0,0.0,0.0,1.0,1.0,1.0,keep_current,0.75,1.0,128.0,,,,,,,,,,,,,,,,,,,,
by_register_type_mode_state_dim_write_fraction,nearest,30.0,1.0,0.0,0.0,1.0,1.0,1.0,keep_current,1.0,1.0,128.0,,,,,,,,,,,,,,,,,,,,
by_register_type_mode_state_dim_write_fraction,nearest,30.0,0.07786458333333333,0.05260758958079562,0.009604787836458503,0.0078125,0.0625,0.1875,keep_current,0.05,0.07786458333333333,256.0,,,,,,,,,,,,,,,,,,,,
by_register_type_mode_state_dim_write_fraction,nearest,30.0,0.07786458333333333,0.05260758958079562,0.009604787836458503,0.0078125,0.0625,0.1875,keep_current,0.1,0.07786458333333333,256.0,,,,,,,,,,,,,,,,,,,,
by_register_type_mode_state_dim_write_fraction,nearest,30.0,0.07786458333333333,0.05260758958079562,0.009604787836458503,0.0078125,0.0625,0.1875,keep_current,0.15,0.07786458333333333,256.0,,,,,,,,,,,,,,,,,,,,
by_register_type_mode_state_dim_write_fraction,nearest,30.0,0.07786458333333333,0.05260758958079562,0.009604787836458503,0.0078125,0.0625,0.1875,keep_current,0.2,0.07786458333333333,256.0,,,,,,,,,,,,,,,,,,,,
by_register_type_mode_state_dim_write_fraction,nearest,30.0,0.07786458333333333,0.05260758958079562,0.009604787836458503,0.0078125,0.0625,0.1875,keep_current,0.3,0.07786458333333333,256.0,,,,,,,,,,,,,,,,,,,,
by_register_type_mode_state_dim_write_fraction,nearest,30.0,0.07786458333333333,0.05260758958079562,0.009604787836458503,0.0078125,0.0625,0.1875,keep_current,0.4,0.07786458333333333,256.0,,,,,,,,,,,,,,,,,,,,
by_register_type_mode_state_dim_write_fraction,nearest,30.0,0.5348958333333333,0.06766549263604132,0.01235397222715318,0.375,0.52734375,0.65625,keep_current,0.5,0.5348958333333333,256.0,,,,,,,,,,,,,,,,,,,,
by_register_type_mode_state_dim_write_fraction,nearest,30.0,1.0,0.0,0.0,1.0,1.0,1.0,keep_current,0.75,1.0,256.0,,,,,,,,,,,,,,,,,,,,
by_register_type_mode_state_dim_write_fraction,nearest,30.0,1.0,0.0,0.0,1.0,1.0,1.0,keep_current,1.0,1.0,256.0,,,,,,,,,,,,,,,,,,,,
by_register_type_mode_state_dim_write_fraction,nearest,30.0,0.07786458333333333,0.05260758958079562,0.009604787836458503,0.0078125,0.0625,0.1875,keep_current,0.05,0.07786458333333333,512.0,,,,,,,,,,,,,,,,,,,,
by_register_type_mode_state_dim_write_fraction,nearest,30.0,0.07786458333333333,0.05260758958079562,0.009604787836458503,0.0078125,0.0625,0.1875,keep_current,0.1,0.07786458333333333,512.0,,,,,,,,,,,,,,,,,,,,
by_register_type_mode_state_dim_write_fraction,nearest,30.0,0.07786458333333333,0.05260758958079562,0.009604787836458503,0.0078125,0.0625,0.1875,keep_current,0.15,0.07786458333333333,512.0,,,,,,,,,,,,,,,,,,,,
by_register_type_mode_state_dim_write_fraction,nearest,30.0,0.07786458333333333,0.05260758958079562,0.009604787836458503,0.0078125,0.0625,0.1875,keep_current,0.2,0.07786458333333333,512.0,,,,,,,,,,,,,,,,,,,,
by_register_type_mode_state_dim_write_fraction,nearest,30.0,0.07786458333333333,0.05260758958079562,0.009604787836458503,0.0078125,0.0625,0.1875,keep_current,0.3,0.07786458333333333,512.0,,,,,,,,,,,,,,,,,,,,
by_register_type_mode_state_dim_write_fraction,nearest,30.0,0.07786458333333333,0.05260758958079562,0.009604787836458503,0.0078125,0.0625,0.1875,keep_current,0.4,0.07786458333333333,512.0,,,,,,,,,,,,,,,,,,,,
by_register_type_mode_state_dim_write_fraction,nearest,30.0,0.5317708333333333,0.07092149263669012,0.012948433776350573,0.390625,0.515625,0.71875,keep_current,0.5,0.5317708333333333,512.0,,,,,,,,,,,,,,,,,,,,
by_register_type_mode_state_dim_write_fraction,nearest,30.0,1.0,0.0,0.0,1.0,1.0,1.0,keep_current,0.75,1.0,512.0,,,,,,,,,,,,,,,,,,,,
by_register_type_mode_state_dim_write_fraction,nearest,30.0,1.0,0.0,0.0,1.0,1.0,1.0,keep_current,1.0,1.0,512.0,,,,,,,,,,,,,,,,,,,,
by_register_type_mode_state_dim_write_fraction,nearest,30.0,0.16171875,0.09408949843090061,0.017178313571650398,0.0546875,0.1328125,0.34375,random_noise,0.05,0.16171875,128.0,,,,,,,,,,,,,,,,,,,,
by_register_type_mode_state_dim_write_fraction,nearest,30.0,0.29661458333333335,0.10504601450096011,0.019178690572730212,0.15625,0.2734375,0.5625,random_noise,0.1,0.29661458333333335,128.0,,,,,,,,,,,,,,,,,,,,
by_register_type_mode_state_dim_write_fraction,nearest,30.0,0.46822916666666664,0.12693699472018374,0.02317541846338627,0.296875,0.453125,0.71875,random_noise,0.15,0.46822916666666664,128.0,,,,,,,,,,,,,,,,,,,,
by_register_type_mode_state_dim_write_fraction,nearest,30.0,0.7216145833333333,0.1109698102333494,0.020260222755624363,0.53125,0.71875,0.9375,random_noise,0.2,0.7216145833333333,128.0,,,,,,,,,,,,,,,,,,,,
by_register_type_mode_state_dim_write_fraction,nearest,30.0,0.94765625,0.036015306514599,0.006575465264502878,0.875,0.9609375,1.0,random_noise,0.3,0.94765625,128.0,,,,,,,,,,,,,,,,,,,,
by_register_type_mode_state_dim_write_fraction,nearest,30.0,0.9986979166666666,0.004625730468099686,0.0008445389741057098,0.9765625,1.0,1.0,random_noise,0.4,0.9986979166666666,128.0,,,,,,,,,,,,,,,,,,,,
by_register_type_mode_state_dim_write_fraction,nearest,30.0,1.0,0.0,0.0,1.0,1.0,1.0,random_noise,0.5,1.0,128.0,,,,,,,,,,,,,,,,,,,,
by_register_type_mode_state_dim_write_fraction,nearest,30.0,1.0,0.0,0.0,1.0,1.0,1.0,random_noise,0.75,1.0,128.0,,,,,,,,,,,,,,,,,,,,
by_register_type_mode_state_dim_write_fraction,nearest,30.0,1.0,0.0,0.0,1.0,1.0,1.0,random_noise,1.0,1.0,128.0,,,,,,,,,,,,,,,,,,,,
by_register_type_mode_state_dim_write_fraction,nearest,30.0,0.22135416666666666,0.10955445048982006,0.02000181460278578,0.0859375,0.1875,0.4375,random_noise,0.05,0.22135416666666666,256.0,,,,,,,,,,,,,,,,,,,,
by_register_type_mode_state_dim_write_fraction,nearest,30.0,0.47682291666666665,0.11833104644438047,0.02160419446359289,0.3125,0.453125,0.78125,random_noise,0.1,0.47682291666666665,256.0,,,,,,,,,,,,,,,,,,,,
by_register_type_mode_state_dim_write_fraction,nearest,30.0,0.7205729166666667,0.09347308540357221,0.017065772465047795,0.5625,0.703125,0.9375,random_noise,0.15,0.7205729166666667,256.0,,,,,,,,,,,,,,,,,,,,
by_register_type_mode_state_dim_write_fraction,nearest,30.0,0.9151041666666667,0.041882746109769386,0.007646708271527478,0.8203125,0.921875,0.96875,random_noise,0.2,0.9151041666666667,256.0,,,,,,,,,,,,,,,,,,,,
by_register_type_mode_state_dim_write_fraction,nearest,30.0,0.99921875,0.003145139843253507,0.0005742213462194027,0.984375,1.0,1.0,random_noise,0.3,0.99921875,256.0,,,,,,,,,,,,,,,,,,,,
by_register_type_mode_state_dim_write_fraction,nearest,30.0,1.0,0.0,0.0,1.0,1.0,1.0,random_noise,0.4,1.0,256.0,,,,,,,,,,,,,,,,,,,,
by_register_type_mode_state_dim_write_fraction,nearest,30.0,1.0,0.0,0.0,1.0,1.0,1.0,random_noise,0.5,1.0,256.0,,,,,,,,,,,,,,,,,,,,
by_register_type_mode_state_dim_write_fraction,nearest,30.0,1.0,0.0,0.0,1.0,1.0,1.0,random_noise,0.75,1.0,256.0,,,,,,,,,,,,,,,,,,,,
by_register_type_mode_state_dim_write_fraction,nearest,30.0,1.0,0.0,0.0,1.0,1.0,1.0,random_noise,1.0,1.0,256.0,,,,,,,,,,,,,,,,,,,,
by_register_type_mode_state_dim_write_fraction,nearest,30.0,0.32083333333333336,0.128682511117032,0.023494104698402577,0.171875,0.265625,0.59375,random_noise,0.05,0.32083333333333336,512.0,,,,,,,,,,,,,,,,,,,,
by_register_type_mode_state_dim_write_fraction,nearest,30.0,0.69140625,0.10196063376530805,0.01861537969692737,0.5078125,0.6875,0.90625,random_noise,0.1,0.69140625,512.0,,,,,,,,,,,,,,,,,,,,
by_register_type_mode_state_dim_write_fraction,nearest,30.0,0.93046875,0.04496606943377725,0.00820964351707445,0.8515625,0.921875,1.0,random_noise,0.15,0.93046875,512.0,,,,,,,,,,,,,,,,,,,,
by_register_type_mode_state_dim_write_fraction,nearest,30.0,0.99453125,0.00849646145285363,0.0015512345322336832,0.96875,1.0,1.0,random_noise,0.2,0.99453125,512.0,,,,,,,,,,,,,,,,,,,,
by_register_type_mode_state_dim_write_fraction,nearest,30.0,1.0,0.0,0.0,1.0,1.0,1.0,random_noise,0.3,1.0,512.0,,,,,,,,,,,,,,,,,,,,
by_register_type_mode_state_dim_write_fraction,nearest,30.0,1.0,0.0,0.0,1.0,1.0,1.0,random_noise,0.4,1.0,512.0,,,,,,,,,,,,,,,,,,,,
by_register_type_mode_state_dim_write_fraction,nearest,30.0,1.0,0.0,0.0,1.0,1.0,1.0,random_noise,0.5,1.0,512.0,,,,,,,,,,,,,,,,,,,,
by_register_type_mode_state_dim_write_fraction,nearest,30.0,1.0,0.0,0.0,1.0,1.0,1.0,random_noise,0.75,1.0,512.0,,,,,,,,,,,,,,,,,,,,
by_register_type_mode_state_dim_write_fraction,nearest,30.0,1.0,0.0,0.0,1.0,1.0,1.0,random_noise,1.0,1.0,512.0,,,,,,,,,,,,,,,,,,,,
threshold_estimates,hopfield,,,,,,,,keep_current,,,,0.5,0.75,,,,,,,,,,,,,,,,,,
threshold_estimates,hopfield,,,,,,,,keep_current,,,,0.75,0.75,,,,,,,,,,,,,,,,,,
threshold_estimates,hopfield,,,,,,,,keep_current,,,,0.9,0.75,,,,,,,,,,,,,,,,,,
threshold_estimates,hopfield,,,,,,,,keep_current,,,,0.95,1.0,,,,,,,,,,,,,,,,,,
threshold_estimates,hopfield,,,,,,,,keep_current,,,,0.99,not reached,,,,,,,,,,,,,,,,,,
threshold_estimates,hopfield,,,,,,,,random_noise,,,,0.5,0.2,,,,,,,,,,,,,,,,,,
threshold_estimates,hopfield,,,,,,,,random_noise,,,,0.75,0.3,,,,,,,,,,,,,,,,,,
threshold_estimates,hopfield,,,,,,,,random_noise,,,,0.9,0.5,,,,,,,,,,,,,,,,,,
threshold_estimates,hopfield,,,,,,,,random_noise,,,,0.95,0.75,,,,,,,,,,,,,,,,,,
threshold_estimates,hopfield,,,,,,,,random_noise,,,,0.99,not reached,,,,,,,,,,,,,,,,,,
threshold_estimates,nearest,,,,,,,,keep_current,,,,0.5,0.5,,,,,,,,,,,,,,,,,,
threshold_estimates,nearest,,,,,,,,keep_current,,,,0.75,0.75,,,,,,,,,,,,,,,,,,
threshold_estimates,nearest,,,,,,,,keep_current,,,,0.9,0.75,,,,,,,,,,,,,,,,,,
threshold_estimates,nearest,,,,,,,,keep_current,,,,0.95,0.75,,,,,,,,,,,,,,,,,,
threshold_estimates,nearest,,,,,,,,keep_current,,,,0.99,0.75,,,,,,,,,,,,,,,,,,
threshold_estimates,nearest,,,,,,,,random_noise,,,,0.5,0.15,,,,,,,,,,,,,,,,,,
threshold_estimates,nearest,,,,,,,,random_noise,,,,0.75,0.2,,,,,,,,,,,,,,,,,,
threshold_estimates,nearest,,,,,,,,random_noise,,,,0.9,0.3,,,,,,,,,,,,,,,,,,
threshold_estimates,nearest,,,,,,,,random_noise,,,,0.95,0.3,,,,,,,,,,,,,,,,,,
threshold_estimates,nearest,,,,,,,,random_noise,,,,0.99,0.4,,,,,,,,,,,,,,,,,,
random_noise_minus_keep_current,hopfield,,,,,,,,,0.05,,,,,0.15243055555555557,0.07734375,0.07508680555555557,,,,,,,,,,,,,,,
random_noise_minus_keep_current,hopfield,,,,,,,,,0.1,,,,,0.2769097222222222,0.07769097222222222,0.19921875,,,,,,,,,,,,,,,
random_noise_minus_keep_current,hopfield,,,,,,,,,0.15,,,,,0.44244791666666666,0.07769097222222222,0.36475694444444445,,,,,,,,,,,,,,,
random_noise_minus_keep_current,hopfield,,,,,,,,,0.2,,,,,0.5749131944444444,0.07890625,0.49600694444444443,,,,,,,,,,,,,,,
random_noise_minus_keep_current,hopfield,,,,,,,,,0.3,,,,,0.7622395833333333,0.08315972222222222,0.6790798611111111,,,,,,,,,,,,,,,
random_noise_minus_keep_current,hopfield,,,,,,,,,0.4,,,,,0.85,0.1140625,0.7359375,,,,,,,,,,,,,,,
random_noise_minus_keep_current,hopfield,,,,,,,,,0.5,,,,,0.9064236111111111,0.4084201388888889,0.49800347222222224,,,,,,,,,,,,,,,
random_noise_minus_keep_current,hopfield,,,,,,,,,0.75,,,,,0.9549479166666667,0.9488715277777777,0.006076388888888951,,,,,,,,,,,,,,,
random_noise_minus_keep_current,hopfield,,,,,,,,,1.0,,,,,0.9696180555555556,0.9696180555555556,0.0,,,,,,,,,,,,,,,
random_noise_minus_keep_current,nearest,,,,,,,,,0.05,,,,,0.23463541666666668,0.07786458333333333,0.15677083333333336,,,,,,,,,,,,,,,
random_noise_minus_keep_current,nearest,,,,,,,,,0.1,,,,,0.48828125,0.07786458333333333,0.41041666666666665,,,,,,,,,,,,,,,
random_noise_minus_keep_current,nearest,,,,,,,,,0.15,,,,,0.7064236111111111,0.07786458333333333,0.6285590277777777,,,,,,,,,,,,,,,
random_noise_minus_keep_current,nearest,,,,,,,,,0.2,,,,,0.8770833333333333,0.07786458333333333,0.79921875,,,,,,,,,,,,,,,
random_noise_minus_keep_current,nearest,,,,,,,,,0.3,,,,,0.9822916666666667,0.07786458333333333,0.9044270833333333,,,,,,,,,,,,,,,
random_noise_minus_keep_current,nearest,,,,,,,,,0.4,,,,,0.9995659722222222,0.08107638888888889,0.9184895833333333,,,,,,,,,,,,,,,
random_noise_minus_keep_current,nearest,,,,,,,,,0.5,,,,,1.0,0.5399305555555556,0.4600694444444444,,,,,,,,,,,,,,,
random_noise_minus_keep_current,nearest,,,,,,,,,0.75,,,,,1.0,1.0,0.0,,,,,,,,,,,,,,,
random_noise_minus_keep_current,nearest,,,,,,,,,1.0,,,,,1.0,1.0,0.0,,,,,,,,,,,,,,,
nearest_random_noise_by_write_fraction,,,,,,,,,,0.05,0.23463541666666668,,,,,,,,,,,,,,,,,,,,,
nearest_random_noise_by_write_fraction,,,,,,,,,,0.1,0.48828125,,,,,,,,,,,,,,,,,,,,,
nearest_random_noise_by_write_fraction,,,,,,,,,,0.15,0.7064236111111111,,,,,,,,,,,,,,,,,,,,,
nearest_random_noise_by_write_fraction,,,,,,,,,,0.2,0.8770833333333333,,,,,,,,,,,,,,,,,,,,,
nearest_random_noise_by_write_fraction,,,,,,,,,,0.3,0.9822916666666667,,,,,,,,,,,,,,,,,,,,,
nearest_random_noise_by_write_fraction,,,,,,,,,,0.4,0.9995659722222222,,,,,,,,,,,,,,,,,,,,,
nearest_random_noise_by_write_fraction,,,,,,,,,,0.5,1.0,,,,,,,,,,,,,,,,,,,,,
nearest_random_noise_by_write_fraction,,,,,,,,,,0.75,1.0,,,,,,,,,,,,,,,,,,,,,
nearest_random_noise_by_write_fraction,,,,,,,,,,1.0,1.0,,,,,,,,,,,,,,,,,,,,,
nearest_random_noise_state_dim_x_write_fraction_pivot,,,,,,,,,,,,128.0,,,,,,0.16171875,0.29661458333333335,0.46822916666666664,0.7216145833333333,0.94765625,0.9986979166666666,1.0,1.0,1.0,,,,,,
nearest_random_noise_state_dim_x_write_fraction_pivot,,,,,,,,,,,,256.0,,,,,,0.22135416666666666,0.47682291666666665,0.7205729166666667,0.9151041666666667,0.99921875,1.0,1.0,1.0,1.0,,,,,,
nearest_random_noise_state_dim_x_write_fraction_pivot,,,,,,,,,,,,512.0,,,,,,0.32083333333333336,0.69140625,0.93046875,0.99453125,1.0,1.0,1.0,1.0,1.0,,,,,,
hopfield_random_noise_by_write_fraction,,,,,,,,,,0.05,0.15243055555555557,,,,,,,,,,,,,,,,,,,,,
hopfield_random_noise_by_write_fraction,,,,,,,,,,0.1,0.2769097222222222,,,,,,,,,,,,,,,,,,,,,
hopfield_random_noise_by_write_fraction,,,,,,,,,,0.15,0.44244791666666666,,,,,,,,,,,,,,,,,,,,,
hopfield_random_noise_by_write_fraction,,,,,,,,,,0.2,0.5749131944444444,,,,,,,,,,,,,,,,,,,,,
hopfield_random_noise_by_write_fraction,,,,,,,,,,0.3,0.7622395833333333,,,,,,,,,,,,,,,,,,,,,
hopfield_random_noise_by_write_fraction,,,,,,,,,,0.4,0.85,,,,,,,,,,,,,,,,,,,,,
hopfield_random_noise_by_write_fraction,,,,,,,,,,0.5,0.9064236111111111,,,,,,,,,,,,,,,,,,,,,
hopfield_random_noise_by_write_fraction,,,,,,,,,,0.75,0.9549479166666667,,,,,,,,,,,,,,,,,,,,,
hopfield_random_noise_by_write_fraction,,,,,,,,,,1.0,0.9696180555555556,,,,,,,,,,,,,,,,,,,,,
hopfield_random_noise_state_dim_x_write_fraction_pivot,,,,,,,,,,,,128.0,,,,,,0.11588541666666667,0.15885416666666666,0.25442708333333336,0.34869791666666666,0.5143229166666666,0.65,0.75078125,0.8666666666666667,0.91015625,,,,,,
hopfield_random_noise_state_dim_x_write_fraction_pivot,,,,,,,,,,,,256.0,,,,,,0.14401041666666667,0.2518229166666667,0.4010416666666667,0.5567708333333333,0.7875,0.9018229166666667,0.9684895833333333,0.9981770833333333,0.9986979166666666,,,,,,
hopfield_random_noise_state_dim_x_write_fraction_pivot,,,,,,,,,,,,512.0,,,,,,0.19739583333333333,0.4200520833333333,0.671875,0.8192708333333333,0.9848958333333333,0.9981770833333333,1.0,1.0,1.0,,,,,,
nearest_keep_current_by_write_fraction,,,,,,,,,,0.05,0.07786458333333333,,,,,,,,,,,,,,,,,,,,,
nearest_keep_current_by_write_fraction,,,,,,,,,,0.1,0.07786458333333333,,,,,,,,,,,,,,,,,,,,,
nearest_keep_current_by_write_fraction,,,,,,,,,,0.15,0.07786458333333333,,,,,,,,,,,,,,,,,,,,,
nearest_keep_current_by_write_fraction,,,,,,,,,,0.2,0.07786458333333333,,,,,,,,,,,,,,,,,,,,,
nearest_keep_current_by_write_fraction,,,,,,,,,,0.3,0.07786458333333333,,,,,,,,,,,,,,,,,,,,,
nearest_keep_current_by_write_fraction,,,,,,,,,,0.4,0.08107638888888889,,,,,,,,,,,,,,,,,,,,,
nearest_keep_current_by_write_fraction,,,,,,,,,,0.5,0.5399305555555556,,,,,,,,,,,,,,,,,,,,,
nearest_keep_current_by_write_fraction,,,,,,,,,,0.75,1.0,,,,,,,,,,,,,,,,,,,,,
nearest_keep_current_by_write_fraction,,,,,,,,,,1.0,1.0,,,,,,,,,,,,,,,,,,,,,
nearest_keep_current_state_dim_x_write_fraction_pivot,,,,,,,,,,,,128.0,,,,,,0.07786458333333333,0.07786458333333333,0.07786458333333333,0.07786458333333333,0.07786458333333333,0.0875,0.553125,1.0,1.0,,,,,,
nearest_keep_current_state_dim_x_write_fraction_pivot,,,,,,,,,,,,256.0,,,,,,0.07786458333333333,0.07786458333333333,0.07786458333333333,0.07786458333333333,0.07786458333333333,0.07786458333333333,0.5348958333333333,1.0,1.0,,,,,,
nearest_keep_current_state_dim_x_write_fraction_pivot,,,,,,,,,,,,512.0,,,,,,0.07786458333333333,0.07786458333333333,0.07786458333333333,0.07786458333333333,0.07786458333333333,0.07786458333333333,0.5317708333333333,1.0,1.0,,,,,,
hopfield_keep_current_by_write_fraction,,,,,,,,,,0.05,0.07734375,,,,,,,,,,,,,,,,,,,,,
hopfield_keep_current_by_write_fraction,,,,,,,,,,0.1,0.07769097222222222,,,,,,,,,,,,,,,,,,,,,
hopfield_keep_current_by_write_fraction,,,,,,,,,,0.15,0.07769097222222222,,,,,,,,,,,,,,,,,,,,,
hopfield_keep_current_by_write_fraction,,,,,,,,,,0.2,0.07890625,,,,,,,,,,,,,,,,,,,,,
hopfield_keep_current_by_write_fraction,,,,,,,,,,0.3,0.08315972222222222,,,,,,,,,,,,,,,,,,,,,
hopfield_keep_current_by_write_fraction,,,,,,,,,,0.4,0.1140625,,,,,,,,,,,,,,,,,,,,,
hopfield_keep_current_by_write_fraction,,,,,,,,,,0.5,0.4084201388888889,,,,,,,,,,,,,,,,,,,,,
hopfield_keep_current_by_write_fraction,,,,,,,,,,0.75,0.9488715277777777,,,,,,,,,,,,,,,,,,,,,
hopfield_keep_current_by_write_fraction,,,,,,,,,,1.0,0.9696180555555556,,,,,,,,,,,,,,,,,,,,,
hopfield_keep_current_state_dim_x_write_fraction_pivot,,,,,,,,,,,,128.0,,,,,,0.07630208333333334,0.07734375,0.07734375,0.08072916666666667,0.09114583333333333,0.15130208333333334,0.35260416666666666,0.8526041666666667,0.91015625,,,,,,
hopfield_keep_current_state_dim_x_write_fraction_pivot,,,,,,,,,,,,256.0,,,,,,0.07786458333333333,0.07786458333333333,0.07786458333333333,0.078125,0.08046875,0.10963541666666667,0.40625,0.9940104166666667,0.9986979166666666,,,,,,
hopfield_keep_current_state_dim_x_write_fraction_pivot,,,,,,,,,,,,512.0,,,,,,0.07786458333333333,0.07786458333333333,0.07786458333333333,0.07786458333333333,0.07786458333333333,0.08125,0.46640625,1.0,1.0,,,,,,
worst_rows,nearest,,,,,,,,keep_current,0.05,0.0078125,128.0,,,,,,,,,,,,,,,exp04_sparse_transitions,9.0,32.0,4.0,16.0,0.0657447076612903
worst_rows,nearest,,,,,,,,keep_current,0.1,0.0078125,128.0,,,,,,,,,,,,,,,exp04_sparse_transitions,9.0,32.0,4.0,16.0,0.0657447076612903
worst_rows,nearest,,,,,,,,keep_current,0.15,0.0078125,128.0,,,,,,,,,,,,,,,exp04_sparse_transitions,9.0,32.0,4.0,16.0,0.0657447076612903
worst_rows,nearest,,,,,,,,keep_current,0.2,0.0078125,128.0,,,,,,,,,,,,,,,exp04_sparse_transitions,9.0,32.0,4.0,16.0,0.0657447076612903
worst_rows,nearest,,,,,,,,keep_current,0.3,0.0078125,128.0,,,,,,,,,,,,,,,exp04_sparse_transitions,9.0,32.0,4.0,16.0,0.0657447076612903
worst_rows,nearest,,,,,,,,keep_current,0.4,0.0078125,128.0,,,,,,,,,,,,,,,exp04_sparse_transitions,9.0,32.0,4.0,16.0,0.0657447076612903
worst_rows,hopfield,,,,,,,,keep_current,0.05,0.0078125,128.0,,,,,,,,,,,,,,,exp04_sparse_transitions,9.0,32.0,4.0,16.0,0.0657447076612903
worst_rows,hopfield,,,,,,,,keep_current,0.15,0.0078125,128.0,,,,,,,,,,,,,,,exp04_sparse_transitions,9.0,32.0,4.0,16.0,0.0657447076612903
worst_rows,nearest,,,,,,,,keep_current,0.05,0.0078125,256.0,,,,,,,,,,,,,,,exp04_sparse_transitions,9.0,32.0,4.0,16.0,0.0493006552419354
worst_rows,nearest,,,,,,,,keep_current,0.1,0.0078125,256.0,,,,,,,,,,,,,,,exp04_sparse_transitions,9.0,32.0,4.0,16.0,0.0493006552419354
worst_rows,nearest,,,,,,,,keep_current,0.15,0.0078125,256.0,,,,,,,,,,,,,,,exp04_sparse_transitions,9.0,32.0,4.0,16.0,0.0493006552419354
worst_rows,nearest,,,,,,,,keep_current,0.2,0.0078125,256.0,,,,,,,,,,,,,,,exp04_sparse_transitions,9.0,32.0,4.0,16.0,0.0493006552419354
worst_rows,nearest,,,,,,,,keep_current,0.3,0.0078125,256.0,,,,,,,,,,,,,,,exp04_sparse_transitions,9.0,32.0,4.0,16.0,0.0493006552419354
worst_rows,nearest,,,,,,,,keep_current,0.4,0.0078125,256.0,,,,,,,,,,,,,,,exp04_sparse_transitions,9.0,32.0,4.0,16.0,0.0493006552419354
worst_rows,hopfield,,,,,,,,keep_current,0.05,0.0078125,256.0,,,,,,,,,,,,,,,exp04_sparse_transitions,9.0,32.0,4.0,16.0,0.0493006552419354
worst_rows,hopfield,,,,,,,,keep_current,0.1,0.0078125,256.0,,,,,,,,,,,,,,,exp04_sparse_transitions,9.0,32.0,4.0,16.0,0.0493006552419354
worst_rows,hopfield,,,,,,,,keep_current,0.15,0.0078125,256.0,,,,,,,,,,,,,,,exp04_sparse_transitions,9.0,32.0,4.0,16.0,0.0493006552419354
worst_rows,hopfield,,,,,,,,keep_current,0.2,0.0078125,256.0,,,,,,,,,,,,,,,exp04_sparse_transitions,9.0,32.0,4.0,16.0,0.0493006552419354
worst_rows,hopfield,,,,,,,,keep_current,0.3,0.0078125,256.0,,,,,,,,,,,,,,,exp04_sparse_transitions,9.0,32.0,4.0,16.0,0.0493006552419354
worst_rows,nearest,,,,,,,,keep_current,0.05,0.0078125,512.0,,,,,,,,,,,,,,,exp04_sparse_transitions,9.0,32.0,4.0,16.0,0.0341088079637096
worst_keep_current_rows,nearest,,,,,,,,keep_current,0.05,0.0078125,128.0,,,,,,,,,,,,,,,exp04_sparse_transitions,9.0,32.0,4.0,16.0,0.0657447076612903
worst_keep_current_rows,nearest,,,,,,,,keep_current,0.1,0.0078125,128.0,,,,,,,,,,,,,,,exp04_sparse_transitions,9.0,32.0,4.0,16.0,0.0657447076612903
worst_keep_current_rows,nearest,,,,,,,,keep_current,0.15,0.0078125,128.0,,,,,,,,,,,,,,,exp04_sparse_transitions,9.0,32.0,4.0,16.0,0.0657447076612903
worst_keep_current_rows,nearest,,,,,,,,keep_current,0.2,0.0078125,128.0,,,,,,,,,,,,,,,exp04_sparse_transitions,9.0,32.0,4.0,16.0,0.0657447076612903
worst_keep_current_rows,nearest,,,,,,,,keep_current,0.3,0.0078125,128.0,,,,,,,,,,,,,,,exp04_sparse_transitions,9.0,32.0,4.0,16.0,0.0657447076612903
worst_keep_current_rows,nearest,,,,,,,,keep_current,0.4,0.0078125,128.0,,,,,,,,,,,,,,,exp04_sparse_transitions,9.0,32.0,4.0,16.0,0.0657447076612903
worst_keep_current_rows,hopfield,,,,,,,,keep_current,0.05,0.0078125,128.0,,,,,,,,,,,,,,,exp04_sparse_transitions,9.0,32.0,4.0,16.0,0.0657447076612903
worst_keep_current_rows,hopfield,,,,,,,,keep_current,0.15,0.0078125,128.0,,,,,,,,,,,,,,,exp04_sparse_transitions,9.0,32.0,4.0,16.0,0.0657447076612903
worst_keep_current_rows,nearest,,,,,,,,keep_current,0.05,0.0078125,256.0,,,,,,,,,,,,,,,exp04_sparse_transitions,9.0,32.0,4.0,16.0,0.0493006552419354
worst_keep_current_rows,nearest,,,,,,,,keep_current,0.1,0.0078125,256.0,,,,,,,,,,,,,,,exp04_sparse_transitions,9.0,32.0,4.0,16.0,0.0493006552419354
worst_keep_current_rows,nearest,,,,,,,,keep_current,0.15,0.0078125,256.0,,,,,,,,,,,,,,,exp04_sparse_transitions,9.0,32.0,4.0,16.0,0.0493006552419354
worst_keep_current_rows,nearest,,,,,,,,keep_current,0.2,0.0078125,256.0,,,,,,,,,,,,,,,exp04_sparse_transitions,9.0,32.0,4.0,16.0,0.0493006552419354
worst_keep_current_rows,nearest,,,,,,,,keep_current,0.3,0.0078125,256.0,,,,,,,,,,,,,,,exp04_sparse_transitions,9.0,32.0,4.0,16.0,0.0493006552419354
worst_keep_current_rows,nearest,,,,,,,,keep_current,0.4,0.0078125,256.0,,,,,,,,,,,,,,,exp04_sparse_transitions,9.0,32.0,4.0,16.0,0.0493006552419354
worst_keep_current_rows,hopfield,,,,,,,,keep_current,0.05,0.0078125,256.0,,,,,,,,,,,,,,,exp04_sparse_transitions,9.0,32.0,4.0,16.0,0.0493006552419354
worst_keep_current_rows,hopfield,,,,,,,,keep_current,0.1,0.0078125,256.0,,,,,,,,,,,,,,,exp04_sparse_transitions,9.0,32.0,4.0,16.0,0.0493006552419354
worst_keep_current_rows,hopfield,,,,,,,,keep_current,0.15,0.0078125,256.0,,,,,,,,,,,,,,,exp04_sparse_transitions,9.0,32.0,4.0,16.0,0.0493006552419354
worst_keep_current_rows,hopfield,,,,,,,,keep_current,0.2,0.0078125,256.0,,,,,,,,,,,,,,,exp04_sparse_transitions,9.0,32.0,4.0,16.0,0.0493006552419354
worst_keep_current_rows,hopfield,,,,,,,,keep_current,0.3,0.0078125,256.0,,,,,,,,,,,,,,,exp04_sparse_transitions,9.0,32.0,4.0,16.0,0.0493006552419354
worst_keep_current_rows,nearest,,,,,,,,keep_current,0.05,0.0078125,512.0,,,,,,,,,,,,,,,exp04_sparse_transitions,9.0,32.0,4.0,16.0,0.0341088079637096
best_subfull_write_fraction_rows,nearest,,,,,,,,keep_current,0.75,1.0,128.0,,,,,,,,,,,,,,,exp04_sparse_transitions,0.0,8.0,4.0,16.0,0.0708705357142857
best_subfull_write_fraction_rows,nearest,,,,,,,,random_noise,0.4,1.0,128.0,,,,,,,,,,,,,,,exp04_sparse_transitions,0.0,8.0,4.0,16.0,0.0708705357142857
best_subfull_write_fraction_rows,nearest,,,,,,,,random_noise,0.5,1.0,128.0,,,,,,,,,,,,,,,exp04_sparse_transitions,0.0,8.0,4.0,16.0,0.0708705357142857
best_subfull_write_fraction_rows,nearest,,,,,,,,random_noise,0.75,1.0,128.0,,,,,,,,,,,,,,,exp04_sparse_transitions,0.0,8.0,4.0,16.0,0.0708705357142857
best_subfull_write_fraction_rows,hopfield,,,,,,,,keep_current,0.75,1.0,128.0,,,,,,,,,,,,,,,exp04_sparse_transitions,0.0,8.0,4.0,16.0,0.0708705357142857
best_subfull_write_fraction_rows,hopfield,,,,,,,,random_noise,0.75,1.0,128.0,,,,,,,,,,,,,,,exp04_sparse_transitions,0.0,8.0,4.0,16.0,0.0708705357142857
best_subfull_write_fraction_rows,nearest,,,,,,,,keep_current,0.75,1.0,256.0,,,,,,,,,,,,,,,exp04_sparse_transitions,0.0,8.0,4.0,16.0,0.0625
best_subfull_write_fraction_rows,nearest,,,,,,,,random_noise,0.3,1.0,256.0,,,,,,,,,,,,,,,exp04_sparse_transitions,0.0,8.0,4.0,16.0,0.0625
best_subfull_write_fraction_rows,nearest,,,,,,,,random_noise,0.4,1.0,256.0,,,,,,,,,,,,,,,exp04_sparse_transitions,0.0,8.0,4.0,16.0,0.0625
best_subfull_write_fraction_rows,nearest,,,,,,,,random_noise,0.5,1.0,256.0,,,,,,,,,,,,,,,exp04_sparse_transitions,0.0,8.0,4.0,16.0,0.0625
best_subfull_write_fraction_rows,nearest,,,,,,,,random_noise,0.75,1.0,256.0,,,,,,,,,,,,,,,exp04_sparse_transitions,0.0,8.0,4.0,16.0,0.0625
best_subfull_write_fraction_rows,hopfield,,,,,,,,keep_current,0.75,1.0,256.0,,,,,,,,,,,,,,,exp04_sparse_transitions,0.0,8.0,4.0,16.0,0.0625
best_subfull_write_fraction_rows,hopfield,,,,,,,,random_noise,0.4,1.0,256.0,,,,,,,,,,,,,,,exp04_sparse_transitions,0.0,8.0,4.0,16.0,0.0625
best_subfull_write_fraction_rows,hopfield,,,,,,,,random_noise,0.5,1.0,256.0,,,,,,,,,,,,,,,exp04_sparse_transitions,0.0,8.0,4.0,16.0,0.0625
best_subfull_write_fraction_rows,hopfield,,,,,,,,random_noise,0.75,1.0,256.0,,,,,,,,,,,,,,,exp04_sparse_transitions,0.0,8.0,4.0,16.0,0.0625
best_subfull_write_fraction_rows,nearest,,,,,,,,keep_current,0.75,1.0,512.0,,,,,,,,,,,,,,,exp04_sparse_transitions,0.0,8.0,4.0,16.0,0.0358537946428571
best_subfull_write_fraction_rows,nearest,,,,,,,,random_noise,0.15,1.0,512.0,,,,,,,,,,,,,,,exp04_sparse_transitions,0.0,8.0,4.0,16.0,0.0358537946428571
best_subfull_write_fraction_rows,nearest,,,,,,,,random_noise,0.2,1.0,512.0,,,,,,,,,,,,,,,exp04_sparse_transitions,0.0,8.0,4.0,16.0,0.0358537946428571
best_subfull_write_fraction_rows,nearest,,,,,,,,random_noise,0.3,1.0,512.0,,,,,,,,,,,,,,,exp04_sparse_transitions,0.0,8.0,4.0,16.0,0.0358537946428571
best_subfull_write_fraction_rows,nearest,,,,,,,,random_noise,0.4,1.0,512.0,,,,,,,,,,,,,,,exp04_sparse_transitions,0.0,8.0,4.0,16.0,0.0358537946428571
