summary_type,feature_mode,register_type,count,all_transition_accuracy_mean,all_transition_accuracy_std,all_transition_accuracy_sem,all_transition_accuracy_min,all_transition_accuracy_median,all_transition_accuracy_max,hidden_dim,epochs,all_transition_accuracy,unwritten_mode,write_fraction,coverage_fraction,seen_transition_accuracy_mean,seen_transition_accuracy_std,seen_transition_accuracy_sem,seen_transition_accuracy_min,seen_transition_accuracy_median,seen_transition_accuracy_max,seen_transition_accuracy,unseen_transition_accuracy_mean,unseen_transition_accuracy_std,unseen_transition_accuracy_sem,unseen_transition_accuracy_min,unseen_transition_accuracy_median,unseen_transition_accuracy_max,unseen_transition_accuracy
overall_by_feature_mode_register_type,exact_pair,hopfield,6600,0.7368448153409091,0.340774477173291,0.004194643848296297,0.0,1.0,1.0,,,,,,,,,,,,,,,,,,,,
overall_by_feature_mode_register_type,exact_pair,nearest,6600,0.7994069602272728,0.34305311015886625,0.004222691881455212,0.0,1.0,1.0,,,,,,,,,,,,,,,,,,,,
overall_by_feature_mode_register_type,hashed_pair,hopfield,30240,0.5621745437541336,0.34179985724273104,0.00196553591392785,0.0,0.625,1.0,,,,,,,,,,,,,,,,,,,,
overall_by_feature_mode_register_type,hashed_pair,nearest,30240,0.6214686156580688,0.33254823266220407,0.0019123340181696267,0.0,0.75,1.0,,,,,,,,,,,,,,,,,,,,
overall_by_feature_mode_register_type,random_conjunctive,hopfield,25200,0.30818599640376987,0.3418900454876779,0.0021537048478308483,0.0,0.15625,1.0,,,,,,,,,,,,,,,,,,,,
overall_by_feature_mode_register_type,random_conjunctive,nearest,25200,0.39571676587301585,0.37149115171818825,0.0023401742897792652,0.0,0.234375,1.0,,,,,,,,,,,,,,,,,,,,
learning_curve_by_feature_mode_hidden_dim_register_type_epoch,exact_pair,hopfield,60,0.10833333333333334,0.07265641611213622,0.00937990298658066,0.0,0.125,0.25,16.0,0.0,0.10833333333333334,,,,,,,,,,,,,,,,,
learning_curve_by_feature_mode_hidden_dim_register_type_epoch,exact_pair,hopfield,60,1.0,0.0,0.0,1.0,1.0,1.0,16.0,1.0,1.0,,,,,,,,,,,,,,,,,
learning_curve_by_feature_mode_hidden_dim_register_type_epoch,exact_pair,hopfield,60,1.0,0.0,0.0,1.0,1.0,1.0,16.0,2.0,1.0,,,,,,,,,,,,,,,,,
learning_curve_by_feature_mode_hidden_dim_register_type_epoch,exact_pair,hopfield,60,1.0,0.0,0.0,1.0,1.0,1.0,16.0,5.0,1.0,,,,,,,,,,,,,,,,,
learning_curve_by_feature_mode_hidden_dim_register_type_epoch,exact_pair,hopfield,60,1.0,0.0,0.0,1.0,1.0,1.0,16.0,10.0,1.0,,,,,,,,,,,,,,,,,
learning_curve_by_feature_mode_hidden_dim_register_type_epoch,exact_pair,hopfield,60,1.0,0.0,0.0,1.0,1.0,1.0,16.0,20.0,1.0,,,,,,,,,,,,,,,,,
learning_curve_by_feature_mode_hidden_dim_register_type_epoch,exact_pair,hopfield,150,0.7283333333333334,0.2676240330062037,0.02185141079236542,0.25,0.75,1.0,16.0,50.0,0.7283333333333334,,,,,,,,,,,,,,,,,
learning_curve_by_feature_mode_hidden_dim_register_type_epoch,exact_pair,nearest,60,0.10625,0.06121561643008469,0.007902902098717971,0.0,0.09375,0.25,16.0,0.0,0.10625,,,,,,,,,,,,,,,,,
learning_curve_by_feature_mode_hidden_dim_register_type_epoch,exact_pair,nearest,60,1.0,0.0,0.0,1.0,1.0,1.0,16.0,1.0,1.0,,,,,,,,,,,,,,,,,
learning_curve_by_feature_mode_hidden_dim_register_type_epoch,exact_pair,nearest,60,1.0,0.0,0.0,1.0,1.0,1.0,16.0,2.0,1.0,,,,,,,,,,,,,,,,,
learning_curve_by_feature_mode_hidden_dim_register_type_epoch,exact_pair,nearest,60,1.0,0.0,0.0,1.0,1.0,1.0,16.0,5.0,1.0,,,,,,,,,,,,,,,,,
learning_curve_by_feature_mode_hidden_dim_register_type_epoch,exact_pair,nearest,60,1.0,0.0,0.0,1.0,1.0,1.0,16.0,10.0,1.0,,,,,,,,,,,,,,,,,
learning_curve_by_feature_mode_hidden_dim_register_type_epoch,exact_pair,nearest,60,1.0,0.0,0.0,1.0,1.0,1.0,16.0,20.0,1.0,,,,,,,,,,,,,,,,,
learning_curve_by_feature_mode_hidden_dim_register_type_epoch,exact_pair,nearest,150,0.7291666666666666,0.26729860804219974,0.021824839955319645,0.25,0.75,1.0,16.0,50.0,0.7291666666666666,,,,,,,,,,,,,,,,,
learning_curve_by_feature_mode_hidden_dim_register_type_epoch,exact_pair,hopfield,120,0.0921875,0.05712869933593033,0.005215112884536574,0.0,0.0625,0.28125,32.0,0.0,0.0921875,,,,,,,,,,,,,,,,,
learning_curve_by_feature_mode_hidden_dim_register_type_epoch,exact_pair,hopfield,120,1.0,0.0,0.0,1.0,1.0,1.0,32.0,1.0,1.0,,,,,,,,,,,,,,,,,
learning_curve_by_feature_mode_hidden_dim_register_type_epoch,exact_pair,hopfield,120,1.0,0.0,0.0,1.0,1.0,1.0,32.0,2.0,1.0,,,,,,,,,,,,,,,,,
learning_curve_by_feature_mode_hidden_dim_register_type_epoch,exact_pair,hopfield,120,1.0,0.0,0.0,1.0,1.0,1.0,32.0,5.0,1.0,,,,,,,,,,,,,,,,,
learning_curve_by_feature_mode_hidden_dim_register_type_epoch,exact_pair,hopfield,120,1.0,0.0,0.0,1.0,1.0,1.0,32.0,10.0,1.0,,,,,,,,,,,,,,,,,
learning_curve_by_feature_mode_hidden_dim_register_type_epoch,exact_pair,hopfield,120,1.0,0.0,0.0,1.0,1.0,1.0,32.0,20.0,1.0,,,,,,,,,,,,,,,,,
learning_curve_by_feature_mode_hidden_dim_register_type_epoch,exact_pair,hopfield,300,0.7247916666666666,0.26828016279576333,0.015489162420837057,0.25,0.75,1.0,32.0,50.0,0.7247916666666666,,,,,,,,,,,,,,,,,
learning_curve_by_feature_mode_hidden_dim_register_type_epoch,exact_pair,nearest,120,0.08645833333333333,0.05199747825710435,0.00474669862913341,0.0,0.09375,0.1875,32.0,0.0,0.08645833333333333,,,,,,,,,,,,,,,,,
learning_curve_by_feature_mode_hidden_dim_register_type_epoch,exact_pair,nearest,120,1.0,0.0,0.0,1.0,1.0,1.0,32.0,1.0,1.0,,,,,,,,,,,,,,,,,
learning_curve_by_feature_mode_hidden_dim_register_type_epoch,exact_pair,nearest,120,1.0,0.0,0.0,1.0,1.0,1.0,32.0,2.0,1.0,,,,,,,,,,,,,,,,,
learning_curve_by_feature_mode_hidden_dim_register_type_epoch,exact_pair,nearest,120,1.0,0.0,0.0,1.0,1.0,1.0,32.0,5.0,1.0,,,,,,,,,,,,,,,,,
learning_curve_by_feature_mode_hidden_dim_register_type_epoch,exact_pair,nearest,120,1.0,0.0,0.0,1.0,1.0,1.0,32.0,10.0,1.0,,,,,,,,,,,,,,,,,
learning_curve_by_feature_mode_hidden_dim_register_type_epoch,exact_pair,nearest,120,1.0,0.0,0.0,1.0,1.0,1.0,32.0,20.0,1.0,,,,,,,,,,,,,,,,,
learning_curve_by_feature_mode_hidden_dim_register_type_epoch,exact_pair,nearest,300,0.7271875,0.267489765631901,0.015443528819304794,0.25,0.75,1.0,32.0,50.0,0.7271875,,,,,,,,,,,,,,,,,
learning_curve_by_feature_mode_hidden_dim_register_type_epoch,exact_pair,hopfield,180,0.06753472222222222,0.04687952595571997,0.003494193559665188,0.0,0.046875,0.234375,64.0,0.0,0.06753472222222222,,,,,,,,,,,,,,,,,
learning_curve_by_feature_mode_hidden_dim_register_type_epoch,exact_pair,hopfield,180,0.9713541666666666,0.08399718847133746,0.00626078077802574,0.578125,1.0,1.0,64.0,1.0,0.9713541666666666,,,,,,,,,,,,,,,,,
learning_curve_by_feature_mode_hidden_dim_register_type_epoch,exact_pair,hopfield,180,0.9713541666666666,0.08399718847133746,0.00626078077802574,0.578125,1.0,1.0,64.0,2.0,0.9713541666666666,,,,,,,,,,,,,,,,,
learning_curve_by_feature_mode_hidden_dim_register_type_epoch,exact_pair,hopfield,180,0.9713541666666666,0.08399718847133746,0.00626078077802574,0.578125,1.0,1.0,64.0,5.0,0.9713541666666666,,,,,,,,,,,,,,,,,
learning_curve_by_feature_mode_hidden_dim_register_type_epoch,exact_pair,hopfield,180,0.9713541666666666,0.08399718847133746,0.00626078077802574,0.578125,1.0,1.0,64.0,10.0,0.9713541666666666,,,,,,,,,,,,,,,,,
learning_curve_by_feature_mode_hidden_dim_register_type_epoch,exact_pair,hopfield,180,0.9713541666666666,0.08399718847133746,0.00626078077802574,0.578125,1.0,1.0,64.0,20.0,0.9713541666666666,,,,,,,,,,,,,,,,,
learning_curve_by_feature_mode_hidden_dim_register_type_epoch,exact_pair,hopfield,690,0.7356884057971015,0.3050134640839501,0.01161166413022593,0.015625,0.8125,1.0,64.0,50.0,0.7356884057971015,,,,,,,,,,,,,,,,,
learning_curve_by_feature_mode_hidden_dim_register_type_epoch,exact_pair,nearest,180,0.07326388888888889,0.04441855284391154,0.0033107634540384266,0.0,0.0625,0.1875,64.0,0.0,0.07326388888888889,,,,,,,,,,,,,,,,,
learning_curve_by_feature_mode_hidden_dim_register_type_epoch,exact_pair,nearest,180,1.0,0.0,0.0,1.0,1.0,1.0,64.0,1.0,1.0,,,,,,,,,,,,,,,,,
learning_curve_by_feature_mode_hidden_dim_register_type_epoch,exact_pair,nearest,180,1.0,0.0,0.0,1.0,1.0,1.0,64.0,2.0,1.0,,,,,,,,,,,,,,,,,
learning_curve_by_feature_mode_hidden_dim_register_type_epoch,exact_pair,nearest,180,1.0,0.0,0.0,1.0,1.0,1.0,64.0,5.0,1.0,,,,,,,,,,,,,,,,,
learning_curve_by_feature_mode_hidden_dim_register_type_epoch,exact_pair,nearest,180,1.0,0.0,0.0,1.0,1.0,1.0,64.0,10.0,1.0,,,,,,,,,,,,,,,,,
learning_curve_by_feature_mode_hidden_dim_register_type_epoch,exact_pair,nearest,180,1.0,0.0,0.0,1.0,1.0,1.0,64.0,20.0,1.0,,,,,,,,,,,,,,,,,
learning_curve_by_feature_mode_hidden_dim_register_type_epoch,exact_pair,nearest,690,0.7226675724637681,0.3234878991889975,0.012314973854862948,0.015625,0.8125,1.0,64.0,50.0,0.7226675724637681,,,,,,,,,,,,,,,,,
learning_curve_by_feature_mode_hidden_dim_register_type_epoch,exact_pair,hopfield,180,0.03732638888888889,0.02916812147209773,0.0021740634129193918,0.0,0.03125,0.125,128.0,0.0,0.03732638888888889,,,,,,,,,,,,,,,,,
learning_curve_by_feature_mode_hidden_dim_register_type_epoch,exact_pair,hopfield,180,0.8782118055555556,0.18782304008490475,0.013999502845683829,0.2890625,1.0,1.0,128.0,1.0,0.8782118055555556,,,,,,,,,,,,,,,,,
learning_curve_by_feature_mode_hidden_dim_register_type_epoch,exact_pair,hopfield,180,0.8782118055555556,0.18782304008490475,0.013999502845683829,0.2890625,1.0,1.0,128.0,2.0,0.8782118055555556,,,,,,,,,,,,,,,,,
learning_curve_by_feature_mode_hidden_dim_register_type_epoch,exact_pair,hopfield,180,0.8782118055555556,0.18782304008490475,0.013999502845683829,0.2890625,1.0,1.0,128.0,5.0,0.8782118055555556,,,,,,,,,,,,,,,,,
learning_curve_by_feature_mode_hidden_dim_register_type_epoch,exact_pair,hopfield,180,0.8782118055555556,0.18782304008490475,0.013999502845683829,0.2890625,1.0,1.0,128.0,10.0,0.8782118055555556,,,,,,,,,,,,,,,,,
learning_curve_by_feature_mode_hidden_dim_register_type_epoch,exact_pair,hopfield,180,0.8782118055555556,0.18782304008490475,0.013999502845683829,0.2890625,1.0,1.0,128.0,20.0,0.8782118055555556,,,,,,,,,,,,,,,,,
learning_curve_by_feature_mode_hidden_dim_register_type_epoch,exact_pair,hopfield,690,0.6731544384057971,0.31681729717758844,0.01206102837630672,0.0078125,0.7578125,1.0,128.0,50.0,0.6731544384057971,,,,,,,,,,,,,,,,,
learning_curve_by_feature_mode_hidden_dim_register_type_epoch,exact_pair,nearest,180,0.03576388888888889,0.026656499021801745,0.001986858128496845,0.0,0.03125,0.1171875,128.0,0.0,0.03576388888888889,,,,,,,,,,,,,,,,,
learning_curve_by_feature_mode_hidden_dim_register_type_epoch,exact_pair,nearest,180,1.0,0.0,0.0,1.0,1.0,1.0,128.0,1.0,1.0,,,,,,,,,,,,,,,,,
learning_curve_by_feature_mode_hidden_dim_register_type_epoch,exact_pair,nearest,180,1.0,0.0,0.0,1.0,1.0,1.0,128.0,2.0,1.0,,,,,,,,,,,,,,,,,
learning_curve_by_feature_mode_hidden_dim_register_type_epoch,exact_pair,nearest,180,1.0,0.0,0.0,1.0,1.0,1.0,128.0,5.0,1.0,,,,,,,,,,,,,,,,,
learning_curve_by_feature_mode_hidden_dim_register_type_epoch,exact_pair,nearest,180,1.0,0.0,0.0,1.0,1.0,1.0,128.0,10.0,1.0,,,,,,,,,,,,,,,,,
learning_curve_by_feature_mode_hidden_dim_register_type_epoch,exact_pair,nearest,180,1.0,0.0,0.0,1.0,1.0,1.0,128.0,20.0,1.0,,,,,,,,,,,,,,,,,
learning_curve_by_feature_mode_hidden_dim_register_type_epoch,exact_pair,nearest,690,0.7118659420289855,0.33297437463500196,0.012676117803014433,0.0078125,0.78125,1.0,128.0,50.0,0.7118659420289855,,,,,,,,,,,,,,,,,
learning_curve_by_feature_mode_hidden_dim_register_type_epoch,exact_pair,hopfield,120,0.0234375,0.012363023127914326,0.0011285844410194588,0.00390625,0.01953125,0.05078125,256.0,0.0,0.0234375,,,,,,,,,,,,,,,,,
learning_curve_by_feature_mode_hidden_dim_register_type_epoch,exact_pair,hopfield,120,0.814453125,0.20915556570734686,0.01909320356094464,0.296875,0.900390625,1.0,256.0,1.0,0.814453125,,,,,,,,,,,,,,,,,
learning_curve_by_feature_mode_hidden_dim_register_type_epoch,exact_pair,hopfield,120,0.814453125,0.20915556570734686,0.01909320356094464,0.296875,0.900390625,1.0,256.0,2.0,0.814453125,,,,,,,,,,,,,,,,,
learning_curve_by_feature_mode_hidden_dim_register_type_epoch,exact_pair,hopfield,120,0.814453125,0.20915556570734686,0.01909320356094464,0.296875,0.900390625,1.0,256.0,5.0,0.814453125,,,,,,,,,,,,,,,,,
learning_curve_by_feature_mode_hidden_dim_register_type_epoch,exact_pair,hopfield,120,0.814453125,0.20915556570734686,0.01909320356094464,0.296875,0.900390625,1.0,256.0,10.0,0.814453125,,,,,,,,,,,,,,,,,
learning_curve_by_feature_mode_hidden_dim_register_type_epoch,exact_pair,hopfield,120,0.814453125,0.20915556570734686,0.01909320356094464,0.296875,0.900390625,1.0,256.0,20.0,0.814453125,,,,,,,,,,,,,,,,,
learning_curve_by_feature_mode_hidden_dim_register_type_epoch,exact_pair,hopfield,300,0.5771223958333334,0.28055939239410677,0.016198104072241537,0.07421875,0.5390625,1.0,256.0,50.0,0.5771223958333334,,,,,,,,,,,,,,,,,
learning_curve_by_feature_mode_hidden_dim_register_type_epoch,exact_pair,nearest,120,0.025651041666666666,0.013056455125317352,0.0011918858321983757,0.0,0.02734375,0.05859375,256.0,0.0,0.025651041666666666,,,,,,,,,,,,,,,,,
learning_curve_by_feature_mode_hidden_dim_register_type_epoch,exact_pair,nearest,120,1.0,0.0,0.0,1.0,1.0,1.0,256.0,1.0,1.0,,,,,,,,,,,,,,,,,
learning_curve_by_feature_mode_hidden_dim_register_type_epoch,exact_pair,nearest,120,1.0,0.0,0.0,1.0,1.0,1.0,256.0,2.0,1.0,,,,,,,,,,,,,,,,,
learning_curve_by_feature_mode_hidden_dim_register_type_epoch,exact_pair,nearest,120,1.0,0.0,0.0,1.0,1.0,1.0,256.0,5.0,1.0,,,,,,,,,,,,,,,,,
learning_curve_by_feature_mode_hidden_dim_register_type_epoch,exact_pair,nearest,120,1.0,0.0,0.0,1.0,1.0,1.0,256.0,10.0,1.0,,,,,,,,,,,,,,,,,
learning_curve_by_feature_mode_hidden_dim_register_type_epoch,exact_pair,nearest,120,1.0,0.0,0.0,1.0,1.0,1.0,256.0,20.0,1.0,,,,,,,,,,,,,,,,,
learning_curve_by_feature_mode_hidden_dim_register_type_epoch,exact_pair,nearest,300,0.7081901041666666,0.2841786467622461,0.016407061820612634,0.25,0.7578125,1.0,256.0,50.0,0.7081901041666666,,,,,,,,,,,,,,,,,
learning_curve_by_feature_mode_hidden_dim_register_type_epoch,exact_pair,hopfield,60,0.015950520833333332,0.0047457138810251065,0.0006126690275691868,0.005859375,0.015625,0.025390625,512.0,0.0,0.015950520833333332,,,,,,,,,,,,,,,,,
learning_curve_by_feature_mode_hidden_dim_register_type_epoch,exact_pair,hopfield,60,0.73359375,0.22905023455062426,0.029570258128649014,0.34375,0.7197265625,1.0,512.0,1.0,0.73359375,,,,,,,,,,,,,,,,,
learning_curve_by_feature_mode_hidden_dim_register_type_epoch,exact_pair,hopfield,60,0.73359375,0.22905023455062426,0.029570258128649014,0.34375,0.7197265625,1.0,512.0,2.0,0.73359375,,,,,,,,,,,,,,,,,
learning_curve_by_feature_mode_hidden_dim_register_type_epoch,exact_pair,hopfield,60,0.73359375,0.22905023455062426,0.029570258128649014,0.34375,0.7197265625,1.0,512.0,5.0,0.73359375,,,,,,,,,,,,,,,,,
learning_curve_by_feature_mode_hidden_dim_register_type_epoch,exact_pair,hopfield,60,0.73359375,0.22905023455062426,0.029570258128649014,0.34375,0.7197265625,1.0,512.0,10.0,0.73359375,,,,,,,,,,,,,,,,,
learning_curve_by_feature_mode_hidden_dim_register_type_epoch,exact_pair,hopfield,60,0.73359375,0.22905023455062426,0.029570258128649014,0.34375,0.7197265625,1.0,512.0,20.0,0.73359375,,,,,,,,,,,,,,,,,
learning_curve_by_feature_mode_hidden_dim_register_type_epoch,exact_pair,hopfield,150,0.517890625,0.2719103484659963,0.022201386984135256,0.095703125,0.50390625,1.0,512.0,50.0,0.517890625,,,,,,,,,,,,,,,,,
learning_curve_by_feature_mode_hidden_dim_register_type_epoch,exact_pair,nearest,60,0.017643229166666666,0.005488654882342409,0.0007085822984130726,0.005859375,0.01953125,0.025390625,512.0,0.0,0.017643229166666666,,,,,,,,,,,,,,,,,
learning_curve_by_feature_mode_hidden_dim_register_type_epoch,exact_pair,nearest,60,1.0,0.0,0.0,1.0,1.0,1.0,512.0,1.0,1.0,,,,,,,,,,,,,,,,,
learning_curve_by_feature_mode_hidden_dim_register_type_epoch,exact_pair,nearest,60,1.0,0.0,0.0,1.0,1.0,1.0,512.0,2.0,1.0,,,,,,,,,,,,,,,,,
learning_curve_by_feature_mode_hidden_dim_register_type_epoch,exact_pair,nearest,60,1.0,0.0,0.0,1.0,1.0,1.0,512.0,5.0,1.0,,,,,,,,,,,,,,,,,
learning_curve_by_feature_mode_hidden_dim_register_type_epoch,exact_pair,nearest,60,1.0,0.0,0.0,1.0,1.0,1.0,512.0,10.0,1.0,,,,,,,,,,,,,,,,,
learning_curve_by_feature_mode_hidden_dim_register_type_epoch,exact_pair,nearest,60,1.0,0.0,0.0,1.0,1.0,1.0,512.0,20.0,1.0,,,,,,,,,,,,,,,,,
learning_curve_by_feature_mode_hidden_dim_register_type_epoch,exact_pair,nearest,150,0.7050520833333334,0.28762739461124875,0.023484678428123445,0.25390625,0.7529296875,1.0,512.0,50.0,0.7050520833333334,,,,,,,,,,,,,,,,,
learning_curve_by_feature_mode_hidden_dim_register_type_epoch,hashed_pair,hopfield,720,0.05584309895833333,0.05136082669656598,0.0019141049979017914,0.0,0.03125,0.28125,32.0,0.0,0.05584309895833333,,,,,,,,,,,,,,,,,
learning_curve_by_feature_mode_hidden_dim_register_type_epoch,hashed_pair,hopfield,720,0.3719401041666667,0.2551979029821658,0.00951066431305865,0.02734375,0.3125,1.0,32.0,1.0,0.3719401041666667,,,,,,,,,,,,,,,,,
learning_curve_by_feature_mode_hidden_dim_register_type_epoch,hashed_pair,hopfield,720,0.3715142144097222,0.25514651362376073,0.009508749144746753,0.02734375,0.30859375,1.0,32.0,2.0,0.3715142144097222,,,,,,,,,,,,,,,,,
learning_curve_by_feature_mode_hidden_dim_register_type_epoch,hashed_pair,hopfield,720,0.37159830729166665,0.25478267148067796,0.009495189548663215,0.0234375,0.3125,1.0,32.0,5.0,0.37159830729166665,,,,,,,,,,,,,,,,,
learning_curve_by_feature_mode_hidden_dim_register_type_epoch,hashed_pair,hopfield,720,0.37185601128472223,0.25427751876809185,0.009476363618590533,0.013671875,0.3125,1.0,32.0,10.0,0.37185601128472223,,,,,,,,,,,,,,,,,
learning_curve_by_feature_mode_hidden_dim_register_type_epoch,hashed_pair,hopfield,720,0.37189670138888886,0.2548864194273566,0.00949905600635154,0.0234375,0.3125,1.0,32.0,20.0,0.37189670138888886,,,,,,,,,,,,,,,,,
learning_curve_by_feature_mode_hidden_dim_register_type_epoch,hashed_pair,hopfield,720,0.37089301215277776,0.2544116162062579,0.00948136113504633,0.02734375,0.30859375,1.0,32.0,50.0,0.37089301215277776,,,,,,,,,,,,,,,,,
learning_curve_by_feature_mode_hidden_dim_register_type_epoch,hashed_pair,nearest,720,0.05626627604166667,0.04767471102374279,0.0017767315776124576,0.0,0.0390625,0.25,32.0,0.0,0.05626627604166667,,,,,,,,,,,,,,,,,
learning_curve_by_feature_mode_hidden_dim_register_type_epoch,hashed_pair,nearest,720,0.41424967447916666,0.23312787078898092,0.008688162775565814,0.068359375,0.38671875,1.0,32.0,1.0,0.41424967447916666,,,,,,,,,,,,,,,,,
learning_curve_by_feature_mode_hidden_dim_register_type_epoch,hashed_pair,nearest,720,0.41374782986111114,0.2330434560305437,0.008685016823262982,0.068359375,0.390625,1.0,32.0,2.0,0.41374782986111114,,,,,,,,,,,,,,,,,
learning_curve_by_feature_mode_hidden_dim_register_type_epoch,hashed_pair,nearest,720,0.4137424045138889,0.23291382625540677,0.008680185806777747,0.06640625,0.390625,1.0,32.0,5.0,0.4137424045138889,,,,,,,,,,,,,,,,,
learning_curve_by_feature_mode_hidden_dim_register_type_epoch,hashed_pair,nearest,720,0.41378851996527777,0.23234509225251354,0.008658990341918,0.0703125,0.37890625,1.0,32.0,10.0,0.41378851996527777,,,,,,,,,,,,,,,,,
learning_curve_by_feature_mode_hidden_dim_register_type_epoch,hashed_pair,nearest,720,0.41424153645833334,0.23277694408275715,0.008675084509395206,0.068359375,0.390625,1.0,32.0,20.0,0.41424153645833334,,,,,,,,,,,,,,,,,
learning_curve_by_feature_mode_hidden_dim_register_type_epoch,hashed_pair,nearest,720,0.4132351345486111,0.23249284329724376,0.00866449669824739,0.068359375,0.38671875,1.0,32.0,50.0,0.4132351345486111,,,,,,,,,,,,,,,,,
learning_curve_by_feature_mode_hidden_dim_register_type_epoch,hashed_pair,hopfield,720,0.05584309895833333,0.05136082669656598,0.0019141049979017914,0.0,0.03125,0.28125,64.0,0.0,0.05584309895833333,,,,,,,,,,,,,,,,,
learning_curve_by_feature_mode_hidden_dim_register_type_epoch,hashed_pair,hopfield,720,0.49795464409722223,0.2757464364494198,0.010276462940903808,0.021484375,0.4765625,1.0,64.0,1.0,0.49795464409722223,,,,,,,,,,,,,,,,,
learning_curve_by_feature_mode_hidden_dim_register_type_epoch,hashed_pair,hopfield,720,0.49769694010416665,0.2757018279794023,0.010274800481381616,0.021484375,0.4765625,1.0,64.0,2.0,0.49769694010416665,,,,,,,,,,,,,,,,,
learning_curve_by_feature_mode_hidden_dim_register_type_epoch,hashed_pair,hopfield,720,0.49784613715277776,0.2754697315325999,0.01026615075750851,0.021484375,0.4765625,1.0,64.0,5.0,0.49784613715277776,,,,,,,,,,,,,,,,,
learning_curve_by_feature_mode_hidden_dim_register_type_epoch,hashed_pair,hopfield,720,0.49832085503472223,0.2755006463835494,0.010267302885979133,0.021484375,0.48046875,1.0,64.0,10.0,0.49832085503472223,,,,,,,,,,,,,,,,,
learning_curve_by_feature_mode_hidden_dim_register_type_epoch,hashed_pair,hopfield,720,0.49790852864583335,0.27560924479453375,0.010271350109799291,0.021484375,0.484375,1.0,64.0,20.0,0.49790852864583335,,,,,,,,,,,,,,,,,
learning_curve_by_feature_mode_hidden_dim_register_type_epoch,hashed_pair,hopfield,720,0.4973605685763889,0.2756511178515163,0.010272910626496604,0.021484375,0.4765625,1.0,64.0,50.0,0.4973605685763889,,,,,,,,,,,,,,,,,
learning_curve_by_feature_mode_hidden_dim_register_type_epoch,hashed_pair,nearest,720,0.05626627604166667,0.04767471102374279,0.0017767315776124576,0.0,0.0390625,0.25,64.0,0.0,0.05626627604166667,,,,,,,,,,,,,,,,,
learning_curve_by_feature_mode_hidden_dim_register_type_epoch,hashed_pair,nearest,720,0.5528917100694445,0.24041267035535993,0.008959651226113889,0.12890625,0.56640625,1.0,64.0,1.0,0.5528917100694445,,,,,,,,,,,,,,,,,
learning_curve_by_feature_mode_hidden_dim_register_type_epoch,hashed_pair,nearest,720,0.552685546875,0.24011783271150988,0.008948663275880979,0.130859375,0.56640625,1.0,64.0,2.0,0.552685546875,,,,,,,,,,,,,,,,,
learning_curve_by_feature_mode_hidden_dim_register_type_epoch,hashed_pair,nearest,720,0.5526746961805555,0.24012483447525645,0.008948924216209308,0.130859375,0.56640625,1.0,64.0,5.0,0.5526746961805555,,,,,,,,,,,,,,,,,
learning_curve_by_feature_mode_hidden_dim_register_type_epoch,hashed_pair,nearest,720,0.5527967664930555,0.24022767505948125,0.008952756858495515,0.130859375,0.56640625,1.0,64.0,10.0,0.5527967664930555,,,,,,,,,,,,,,,,,
learning_curve_by_feature_mode_hidden_dim_register_type_epoch,hashed_pair,nearest,720,0.5528591579861111,0.24010227146884033,0.008948083342607254,0.12890625,0.55859375,1.0,64.0,20.0,0.5528591579861111,,,,,,,,,,,,,,,,,
learning_curve_by_feature_mode_hidden_dim_register_type_epoch,hashed_pair,nearest,720,0.5523763020833333,0.24010946107635409,0.00894835128345946,0.130859375,0.56640625,1.0,64.0,50.0,0.5523763020833333,,,,,,,,,,,,,,,,,
learning_curve_by_feature_mode_hidden_dim_register_type_epoch,hashed_pair,hopfield,720,0.05584309895833333,0.05136082669656598,0.0019141049979017914,0.0,0.03125,0.28125,128.0,0.0,0.05584309895833333,,,,,,,,,,,,,,,,,
learning_curve_by_feature_mode_hidden_dim_register_type_epoch,hashed_pair,hopfield,720,0.625390625,0.2642595641303427,0.009848372484998522,0.052734375,0.65625,1.0,128.0,1.0,0.625390625,,,,,,,,,,,,,,,,,
learning_curve_by_feature_mode_hidden_dim_register_type_epoch,hashed_pair,hopfield,720,0.6250325520833333,0.26440272108680596,0.009853707629766919,0.052734375,0.6640625,1.0,128.0,2.0,0.6250325520833333,,,,,,,,,,,,,,,,,
learning_curve_by_feature_mode_hidden_dim_register_type_epoch,hashed_pair,hopfield,720,0.6252875434027778,0.2641819668273738,0.009845480604260038,0.052734375,0.6640625,1.0,128.0,5.0,0.6252875434027778,,,,,,,,,,,,,,,,,
learning_curve_by_feature_mode_hidden_dim_register_type_epoch,hashed_pair,hopfield,720,0.6253255208333334,0.26395838492508555,0.009837148198725783,0.052734375,0.65625,1.0,128.0,10.0,0.6253255208333334,,,,,,,,,,,,,,,,,
learning_curve_by_feature_mode_hidden_dim_register_type_epoch,hashed_pair,hopfield,720,0.6252739800347222,0.264158091485989,0.00984459082282133,0.052734375,0.6640625,1.0,128.0,20.0,0.6252739800347222,,,,,,,,,,,,,,,,,
learning_curve_by_feature_mode_hidden_dim_register_type_epoch,hashed_pair,hopfield,720,0.6250542534722222,0.2643832927182317,0.009852983577219853,0.052734375,0.65625,1.0,128.0,50.0,0.6250542534722222,,,,,,,,,,,,,,,,,
learning_curve_by_feature_mode_hidden_dim_register_type_epoch,hashed_pair,nearest,720,0.05626627604166667,0.04767471102374279,0.0017767315776124576,0.0,0.0390625,0.25,128.0,0.0,0.05626627604166667,,,,,,,,,,,,,,,,,
learning_curve_by_feature_mode_hidden_dim_register_type_epoch,hashed_pair,nearest,720,0.6928331163194444,0.2086187149861569,0.007774760468128348,0.248046875,0.703125,1.0,128.0,1.0,0.6928331163194444,,,,,,,,,,,,,,,,,
learning_curve_by_feature_mode_hidden_dim_register_type_epoch,hashed_pair,nearest,720,0.6926215277777777,0.20866748142507557,0.0077765778860023945,0.25,0.703125,1.0,128.0,2.0,0.6926215277777777,,,,,,,,,,,,,,,,,
learning_curve_by_feature_mode_hidden_dim_register_type_epoch,hashed_pair,nearest,720,0.6925889756944444,0.20855721489131773,0.0077724684949169644,0.251953125,0.703125,1.0,128.0,5.0,0.6925889756944444,,,,,,,,,,,,,,,,,
learning_curve_by_feature_mode_hidden_dim_register_type_epoch,hashed_pair,nearest,720,0.6925211588541667,0.20861775696270543,0.007774724764702323,0.248046875,0.703125,1.0,128.0,10.0,0.6925211588541667,,,,,,,,,,,,,,,,,
learning_curve_by_feature_mode_hidden_dim_register_type_epoch,hashed_pair,nearest,720,0.6928331163194444,0.20849543582534819,0.007770166125065391,0.24609375,0.703125,1.0,128.0,20.0,0.6928331163194444,,,,,,,,,,,,,,,,,
learning_curve_by_feature_mode_hidden_dim_register_type_epoch,hashed_pair,nearest,720,0.6925401475694445,0.20863864751650193,0.007775503309675266,0.248046875,0.703125,1.0,128.0,50.0,0.6925401475694445,,,,,,,,,,,,,,,,,
learning_curve_by_feature_mode_hidden_dim_register_type_epoch,hashed_pair,hopfield,720,0.05584309895833333,0.05136082669656598,0.0019141049979017914,0.0,0.03125,0.28125,256.0,0.0,0.05584309895833333,,,,,,,,,,,,,,,,,
learning_curve_by_feature_mode_hidden_dim_register_type_epoch,hashed_pair,hopfield,720,0.7275309244791667,0.2357115515271569,0.00878445087161112,0.099609375,0.796875,1.0,256.0,1.0,0.7275309244791667,,,,,,,,,,,,,,,,,
learning_curve_by_feature_mode_hidden_dim_register_type_epoch,hashed_pair,hopfield,720,0.7272271050347222,0.23601445499124668,0.008795739417216534,0.099609375,0.796875,1.0,256.0,2.0,0.7272271050347222,,,,,,,,,,,,,,,,,
learning_curve_by_feature_mode_hidden_dim_register_type_epoch,hashed_pair,hopfield,720,0.727392578125,0.23596958460538184,0.008794067196667027,0.099609375,0.796875,1.0,256.0,5.0,0.727392578125,,,,,,,,,,,,,,,,,
learning_curve_by_feature_mode_hidden_dim_register_type_epoch,hashed_pair,hopfield,720,0.7273681640625,0.23591998555050814,0.008792218749028404,0.099609375,0.796875,1.0,256.0,10.0,0.7273681640625,,,,,,,,,,,,,,,,,
learning_curve_by_feature_mode_hidden_dim_register_type_epoch,hashed_pair,hopfield,720,0.7276394314236111,0.23545690941397537,0.008774960920360985,0.099609375,0.796875,1.0,256.0,20.0,0.7276394314236111,,,,,,,,,,,,,,,,,
learning_curve_by_feature_mode_hidden_dim_register_type_epoch,hashed_pair,hopfield,720,0.7272542317708334,0.23608180674827112,0.008798249469001714,0.099609375,0.796875,1.0,256.0,50.0,0.7272542317708334,,,,,,,,,,,,,,,,,
learning_curve_by_feature_mode_hidden_dim_register_type_epoch,hashed_pair,nearest,720,0.05626627604166667,0.04767471102374279,0.0017767315776124576,0.0,0.0390625,0.25,256.0,0.0,0.05626627604166667,,,,,,,,,,,,,,,,,
learning_curve_by_feature_mode_hidden_dim_register_type_epoch,hashed_pair,nearest,720,0.8054714626736111,0.1547583589901355,0.005767503513137644,0.423828125,0.8359375,1.0,256.0,1.0,0.8054714626736111,,,,,,,,,,,,,,,,,
learning_curve_by_feature_mode_hidden_dim_register_type_epoch,hashed_pair,nearest,720,0.8054253472222223,0.15484264181136367,0.005770644548431006,0.42578125,0.83203125,1.0,256.0,2.0,0.8054253472222223,,,,,,,,,,,,,,,,,
learning_curve_by_feature_mode_hidden_dim_register_type_epoch,hashed_pair,nearest,720,0.8054551866319445,0.15483617466519675,0.005770403532123511,0.421875,0.8359375,1.0,256.0,5.0,0.8054551866319445,,,,,,,,,,,,,,,,,
learning_curve_by_feature_mode_hidden_dim_register_type_epoch,hashed_pair,nearest,720,0.8054307725694444,0.15485731447493953,0.005771191366317116,0.421875,0.83203125,1.0,256.0,10.0,0.8054307725694444,,,,,,,,,,,,,,,,,
learning_curve_by_feature_mode_hidden_dim_register_type_epoch,hashed_pair,nearest,720,0.8054850260416667,0.1547671857421409,0.005767832466762722,0.42578125,0.8359375,1.0,256.0,20.0,0.8054850260416667,,,,,,,,,,,,,,,,,
learning_curve_by_feature_mode_hidden_dim_register_type_epoch,hashed_pair,nearest,720,0.8053059895833333,0.1548579324080974,0.005771214395326224,0.419921875,0.8359375,1.0,256.0,50.0,0.8053059895833333,,,,,,,,,,,,,,,,,
learning_curve_by_feature_mode_hidden_dim_register_type_epoch,hashed_pair,hopfield,720,0.05584309895833333,0.05136082669656598,0.0019141049979017914,0.0,0.03125,0.28125,512.0,0.0,0.05584309895833333,,,,,,,,,,,,,,,,,
learning_curve_by_feature_mode_hidden_dim_register_type_epoch,hashed_pair,hopfield,720,0.8061333550347223,0.20666274657564895,0.007701865829332715,0.169921875,0.890625,1.0,512.0,1.0,0.8061333550347223,,,,,,,,,,,,,,,,,
learning_curve_by_feature_mode_hidden_dim_register_type_epoch,hashed_pair,hopfield,720,0.8060601128472222,0.20683583495276717,0.007708316452288573,0.169921875,0.890625,1.0,512.0,2.0,0.8060601128472222,,,,,,,,,,,,,,,,,
learning_curve_by_feature_mode_hidden_dim_register_type_epoch,hashed_pair,hopfield,720,0.8062228732638889,0.20654313730589746,0.007697408255034325,0.169921875,0.890625,1.0,512.0,5.0,0.8062228732638889,,,,,,,,,,,,,,,,,
learning_curve_by_feature_mode_hidden_dim_register_type_epoch,hashed_pair,hopfield,720,0.8061794704861112,0.20674777491114776,0.007705034648302532,0.169921875,0.890625,1.0,512.0,10.0,0.8061794704861112,,,,,,,,,,,,,,,,,
learning_curve_by_feature_mode_hidden_dim_register_type_epoch,hashed_pair,hopfield,720,0.8061848958333333,0.2065432110144973,0.007697411001991654,0.169921875,0.890625,1.0,512.0,20.0,0.8061848958333333,,,,,,,,,,,,,,,,,
learning_curve_by_feature_mode_hidden_dim_register_type_epoch,hashed_pair,hopfield,720,0.8059678819444445,0.20713450787205911,0.007719447334798158,0.169921875,0.890625,1.0,512.0,50.0,0.8059678819444445,,,,,,,,,,,,,,,,,
learning_curve_by_feature_mode_hidden_dim_register_type_epoch,hashed_pair,nearest,720,0.05626627604166667,0.04767471102374279,0.0017767315776124576,0.0,0.0390625,0.25,512.0,0.0,0.05626627604166667,,,,,,,,,,,,,,,,,
learning_curve_by_feature_mode_hidden_dim_register_type_epoch,hashed_pair,nearest,720,0.8903374565972222,0.09964807403338273,0.0037136644560929236,0.62109375,0.921875,1.0,512.0,1.0,0.8903374565972222,,,,,,,,,,,,,,,,,
learning_curve_by_feature_mode_hidden_dim_register_type_epoch,hashed_pair,nearest,720,0.8903591579861111,0.09971445300817626,0.0037161382544248418,0.625,0.921875,1.0,512.0,2.0,0.8903591579861111,,,,,,,,,,,,,,,,,
learning_curve_by_feature_mode_hidden_dim_register_type_epoch,hashed_pair,nearest,720,0.8903374565972222,0.09963811710042128,0.003713293383110437,0.619140625,0.921875,1.0,512.0,5.0,0.8903374565972222,,,,,,,,,,,,,,,,,
learning_curve_by_feature_mode_hidden_dim_register_type_epoch,hashed_pair,nearest,720,0.8903564453125,0.0996932934919582,0.003715349685814265,0.623046875,0.921875,1.0,512.0,10.0,0.8903564453125,,,,,,,,,,,,,,,,,
learning_curve_by_feature_mode_hidden_dim_register_type_epoch,hashed_pair,nearest,720,0.8902696397569444,0.09969589526700419,0.0037154466482453483,0.619140625,0.921875,1.0,512.0,20.0,0.8902696397569444,,,,,,,,,,,,,,,,,
learning_curve_by_feature_mode_hidden_dim_register_type_epoch,hashed_pair,nearest,720,0.8902804904513889,0.0998027899194837,0.0037194303767349385,0.62109375,0.921875,1.0,512.0,50.0,0.8902804904513889,,,,,,,,,,,,,,,,,
learning_curve_by_feature_mode_hidden_dim_register_type_epoch,hashed_pair,hopfield,720,0.05584309895833333,0.05136082669656598,0.0019141049979017914,0.0,0.03125,0.28125,1024.0,0.0,0.05584309895833333,,,,,,,,,,,,,,,,,
learning_curve_by_feature_mode_hidden_dim_register_type_epoch,hashed_pair,hopfield,720,0.8511935763888889,0.1880833028544486,0.007009450843587122,0.240234375,0.9375,1.0,1024.0,1.0,0.8511935763888889,,,,,,,,,,,,,,,,,
learning_curve_by_feature_mode_hidden_dim_register_type_epoch,hashed_pair,hopfield,720,0.8510633680555556,0.1884847993144284,0.007024413733207794,0.240234375,0.9375,1.0,1024.0,2.0,0.8510633680555556,,,,,,,,,,,,,,,,,
learning_curve_by_feature_mode_hidden_dim_register_type_epoch,hashed_pair,hopfield,720,0.851123046875,0.1881338068731212,0.007011333017235269,0.240234375,0.9375,1.0,1024.0,5.0,0.851123046875,,,,,,,,,,,,,,,,,
learning_curve_by_feature_mode_hidden_dim_register_type_epoch,hashed_pair,hopfield,720,0.8512017144097223,0.18815948045749362,0.007012289815233315,0.240234375,0.9375,1.0,1024.0,10.0,0.8512017144097223,,,,,,,,,,,,,,,,,
learning_curve_by_feature_mode_hidden_dim_register_type_epoch,hashed_pair,hopfield,720,0.8513373480902777,0.18789001890877158,0.007002247576228901,0.240234375,0.9375,1.0,1024.0,20.0,0.8513373480902777,,,,,,,,,,,,,,,,,
learning_curve_by_feature_mode_hidden_dim_register_type_epoch,hashed_pair,hopfield,720,0.8510416666666667,0.18846148843435373,0.0070235449880000885,0.240234375,0.9375,1.0,1024.0,50.0,0.8510416666666667,,,,,,,,,,,,,,,,,
learning_curve_by_feature_mode_hidden_dim_register_type_epoch,hashed_pair,nearest,720,0.05626627604166667,0.04767471102374279,0.0017767315776124576,0.0,0.0390625,0.25,1024.0,0.0,0.05626627604166667,,,,,,,,,,,,,,,,,
learning_curve_by_feature_mode_hidden_dim_register_type_epoch,hashed_pair,nearest,720,0.9390652126736111,0.058663095998691205,0.0021862445070611573,0.7578125,0.953125,1.0,1024.0,1.0,0.9390652126736111,,,,,,,,,,,,,,,,,
learning_curve_by_feature_mode_hidden_dim_register_type_epoch,hashed_pair,nearest,720,0.9390625,0.05869187642838677,0.0021873170903481728,0.7578125,0.953125,1.0,1024.0,2.0,0.9390625,,,,,,,,,,,,,,,,,
learning_curve_by_feature_mode_hidden_dim_register_type_epoch,hashed_pair,nearest,720,0.9390489366319444,0.058697434000816104,0.0021875242088438707,0.7578125,0.953125,1.0,1024.0,5.0,0.9390489366319444,,,,,,,,,,,,,,,,,
learning_curve_by_feature_mode_hidden_dim_register_type_epoch,hashed_pair,nearest,720,0.9390489366319444,0.0586923720394608,0.002187335560682372,0.7578125,0.953125,1.0,1024.0,10.0,0.9390489366319444,,,,,,,,,,,,,,,,,
learning_curve_by_feature_mode_hidden_dim_register_type_epoch,hashed_pair,nearest,720,0.9390679253472223,0.05868205826051763,0.0021869511888353414,0.7578125,0.953125,1.0,1024.0,20.0,0.9390679253472223,,,,,,,,,,,,,,,,,
learning_curve_by_feature_mode_hidden_dim_register_type_epoch,hashed_pair,nearest,720,0.9390489366319444,0.05871903282336378,0.0021883291494347134,0.7578125,0.953125,1.0,1024.0,50.0,0.9390489366319444,,,,,,,,,,,,,,,,,
learning_curve_by_feature_mode_hidden_dim_register_type_epoch,random_conjunctive,hopfield,720,0.05584309895833333,0.05136082669656598,0.0019141049979017914,0.0,0.03125,0.28125,128.0,0.0,0.05584309895833333,,,,,,,,,,,,,,,,,
learning_curve_by_feature_mode_hidden_dim_register_type_epoch,random_conjunctive,hopfield,720,0.15462782118055557,0.13078423208095383,0.004874040555302025,0.0,0.115234375,0.6875,128.0,1.0,0.15462782118055557,,,,,,,,,,,,,,,,,
learning_curve_by_feature_mode_hidden_dim_register_type_epoch,random_conjunctive,hopfield,720,0.1931667751736111,0.1708350044426785,0.006366644714505127,0.0,0.140625,0.8125,128.0,2.0,0.1931667751736111,,,,,,,,,,,,,,,,,
learning_curve_by_feature_mode_hidden_dim_register_type_epoch,random_conjunctive,hopfield,720,0.2822455512152778,0.27033357216849835,0.010074737399485126,0.0,0.1875,1.0,128.0,5.0,0.2822455512152778,,,,,,,,,,,,,,,,,
learning_curve_by_feature_mode_hidden_dim_register_type_epoch,random_conjunctive,hopfield,720,0.36015082465277776,0.34822645281361053,0.012977633667580934,0.0,0.21875,1.0,128.0,10.0,0.36015082465277776,,,,,,,,,,,,,,,,,
learning_curve_by_feature_mode_hidden_dim_register_type_epoch,random_conjunctive,hopfield,720,0.41620822482638886,0.39160538480338697,0.014594271012922272,0.0,0.25,1.0,128.0,20.0,0.41620822482638886,,,,,,,,,,,,,,,,,
learning_curve_by_feature_mode_hidden_dim_register_type_epoch,random_conjunctive,hopfield,720,0.4476291232638889,0.4108357111638488,0.015310942962447253,0.0,0.25,1.0,128.0,50.0,0.4476291232638889,,,,,,,,,,,,,,,,,
learning_curve_by_feature_mode_hidden_dim_register_type_epoch,random_conjunctive,nearest,720,0.05626627604166667,0.04767471102374279,0.0017767315776124576,0.0,0.0390625,0.25,128.0,0.0,0.05626627604166667,,,,,,,,,,,,,,,,,
learning_curve_by_feature_mode_hidden_dim_register_type_epoch,random_conjunctive,nearest,720,0.20607096354166668,0.13352088071180607,0.004976029428120647,0.01171875,0.1875,0.75,128.0,1.0,0.20607096354166668,,,,,,,,,,,,,,,,,
learning_curve_by_feature_mode_hidden_dim_register_type_epoch,random_conjunctive,nearest,720,0.2816189236111111,0.1977984760829056,0.007371513972787387,0.01171875,0.25,0.90625,128.0,2.0,0.2816189236111111,,,,,,,,,,,,,,,,,
learning_curve_by_feature_mode_hidden_dim_register_type_epoch,random_conjunctive,nearest,720,0.4091824001736111,0.3082318205505772,0.011487121726326786,0.01171875,0.3125,1.0,128.0,5.0,0.4091824001736111,,,,,,,,,,,,,,,,,
learning_curve_by_feature_mode_hidden_dim_register_type_epoch,random_conjunctive,nearest,720,0.4904541015625,0.3699992372110407,0.013789057433782613,0.01171875,0.375,1.0,128.0,10.0,0.4904541015625,,,,,,,,,,,,,,,,,
learning_curve_by_feature_mode_hidden_dim_register_type_epoch,random_conjunctive,nearest,720,0.5323432074652777,0.39990553444704585,0.014903599326699638,0.01171875,0.375,1.0,128.0,20.0,0.5323432074652777,,,,,,,,,,,,,,,,,
learning_curve_by_feature_mode_hidden_dim_register_type_epoch,random_conjunctive,nearest,720,0.5511474609375,0.41163473214756113,0.015340720716364411,0.01171875,0.40625,1.0,128.0,50.0,0.5511474609375,,,,,,,,,,,,,,,,,
learning_curve_by_feature_mode_hidden_dim_register_type_epoch,random_conjunctive,hopfield,720,0.05584309895833333,0.05136082669656598,0.0019141049979017914,0.0,0.03125,0.28125,256.0,0.0,0.05584309895833333,,,,,,,,,,,,,,,,,
learning_curve_by_feature_mode_hidden_dim_register_type_epoch,random_conjunctive,hopfield,720,0.15659450954861112,0.13251232498644583,0.004938442775437279,0.0,0.1171875,0.6875,256.0,1.0,0.15659450954861112,,,,,,,,,,,,,,,,,
learning_curve_by_feature_mode_hidden_dim_register_type_epoch,random_conjunctive,hopfield,720,0.20634494357638888,0.1824324388585707,0.006798855576480636,0.0,0.1484375,0.8125,256.0,2.0,0.20634494357638888,,,,,,,,,,,,,,,,,
learning_curve_by_feature_mode_hidden_dim_register_type_epoch,random_conjunctive,hopfield,720,0.3097601996527778,0.2872681803177921,0.010705852982720837,0.0,0.21875,1.0,256.0,5.0,0.3097601996527778,,,,,,,,,,,,,,,,,
learning_curve_by_feature_mode_hidden_dim_register_type_epoch,random_conjunctive,hopfield,720,0.4138129340277778,0.37608609691013123,0.014015901301393784,0.0,0.25,1.0,256.0,10.0,0.4138129340277778,,,,,,,,,,,,,,,,,
learning_curve_by_feature_mode_hidden_dim_register_type_epoch,random_conjunctive,hopfield,720,0.46636013454861114,0.408710382385827,0.015231736635410697,0.0,0.2998046875,1.0,256.0,20.0,0.46636013454861114,,,,,,,,,,,,,,,,,
learning_curve_by_feature_mode_hidden_dim_register_type_epoch,random_conjunctive,hopfield,720,0.48933648003472224,0.4199220887270747,0.01564957226079062,0.0,0.3125,1.0,256.0,50.0,0.48933648003472224,,,,,,,,,,,,,,,,,
learning_curve_by_feature_mode_hidden_dim_register_type_epoch,random_conjunctive,nearest,720,0.05626627604166667,0.04767471102374279,0.0017767315776124576,0.0,0.0390625,0.25,256.0,0.0,0.05626627604166667,,,,,,,,,,,,,,,,,
learning_curve_by_feature_mode_hidden_dim_register_type_epoch,random_conjunctive,nearest,720,0.2122802734375,0.14161023495808084,0.00527750186126643,0.01171875,0.1875,0.75,256.0,1.0,0.2122802734375,,,,,,,,,,,,,,,,,
learning_curve_by_feature_mode_hidden_dim_register_type_epoch,random_conjunctive,nearest,720,0.3076144748263889,0.22112109801236332,0.008240696773583966,0.01171875,0.25,0.84375,256.0,2.0,0.3076144748263889,,,,,,,,,,,,,,,,,
learning_curve_by_feature_mode_hidden_dim_register_type_epoch,random_conjunctive,nearest,720,0.4528672960069444,0.33179443894940347,0.0123652486674545,0.01171875,0.390625,1.0,256.0,5.0,0.4528672960069444,,,,,,,,,,,,,,,,,
learning_curve_by_feature_mode_hidden_dim_register_type_epoch,random_conjunctive,nearest,720,0.5476399739583333,0.3980438972277237,0.014834220203835504,0.01171875,0.5546875,1.0,256.0,10.0,0.5476399739583333,,,,,,,,,,,,,,,,,
learning_curve_by_feature_mode_hidden_dim_register_type_epoch,random_conjunctive,nearest,720,0.5751817491319444,0.4170164516923263,0.015541285561996647,0.01171875,0.625,1.0,256.0,20.0,0.5751817491319444,,,,,,,,,,,,,,,,,
learning_curve_by_feature_mode_hidden_dim_register_type_epoch,random_conjunctive,nearest,720,0.5833170572916667,0.4228073203769717,0.01575709849579068,0.01171875,0.72265625,1.0,256.0,50.0,0.5833170572916667,,,,,,,,,,,,,,,,,
learning_curve_by_feature_mode_hidden_dim_register_type_epoch,random_conjunctive,hopfield,720,0.05584309895833333,0.05136082669656598,0.0019141049979017914,0.0,0.03125,0.28125,512.0,0.0,0.05584309895833333,,,,,,,,,,,,,,,,,
learning_curve_by_feature_mode_hidden_dim_register_type_epoch,random_conjunctive,hopfield,720,0.16098904079861112,0.13692097761160937,0.005102743558088089,0.0078125,0.1171875,0.75,512.0,1.0,0.16098904079861112,,,,,,,,,,,,,,,,,
learning_curve_by_feature_mode_hidden_dim_register_type_epoch,random_conjunctive,hopfield,720,0.20955674913194444,0.1892104520341702,0.007051457213364465,0.0078125,0.15625,0.9375,512.0,2.0,0.20955674913194444,,,,,,,,,,,,,,,,,
learning_curve_by_feature_mode_hidden_dim_register_type_epoch,random_conjunctive,hopfield,720,0.32864583333333336,0.29853883256042857,0.01112588539214243,0.0078125,0.236328125,1.0,512.0,5.0,0.32864583333333336,,,,,,,,,,,,,,,,,
learning_curve_by_feature_mode_hidden_dim_register_type_epoch,random_conjunctive,hopfield,720,0.448291015625,0.39118425248747973,0.01457857633815743,0.0078125,0.3125,1.0,512.0,10.0,0.448291015625,,,,,,,,,,,,,,,,,
learning_curve_by_feature_mode_hidden_dim_register_type_epoch,random_conjunctive,hopfield,720,0.49429796006944443,0.4173938218934982,0.015555349319038366,0.0078125,0.375,1.0,512.0,20.0,0.49429796006944443,,,,,,,,,,,,,,,,,
learning_curve_by_feature_mode_hidden_dim_register_type_epoch,random_conjunctive,hopfield,720,0.5087022569444445,0.4230033728601155,0.015764404940448465,0.0078125,0.416015625,1.0,512.0,50.0,0.5087022569444445,,,,,,,,,,,,,,,,,
learning_curve_by_feature_mode_hidden_dim_register_type_epoch,random_conjunctive,nearest,720,0.05626627604166667,0.04767471102374279,0.0017767315776124576,0.0,0.0390625,0.25,512.0,0.0,0.05626627604166667,,,,,,,,,,,,,,,,,
learning_curve_by_feature_mode_hidden_dim_register_type_epoch,random_conjunctive,nearest,720,0.2176486545138889,0.1467201188394616,0.005467935989864728,0.01171875,0.1875,0.875,512.0,1.0,0.2176486545138889,,,,,,,,,,,,,,,,,
learning_curve_by_feature_mode_hidden_dim_register_type_epoch,random_conjunctive,nearest,720,0.31920301649305555,0.23311879327052515,0.008687824476426912,0.01171875,0.265625,0.9375,512.0,2.0,0.31920301649305555,,,,,,,,,,,,,,,,,
learning_curve_by_feature_mode_hidden_dim_register_type_epoch,random_conjunctive,nearest,720,0.48138292100694446,0.3508437879223189,0.013075175987963745,0.01171875,0.4375,1.0,512.0,5.0,0.48138292100694446,,,,,,,,,,,,,,,,,
learning_curve_by_feature_mode_hidden_dim_register_type_epoch,random_conjunctive,nearest,720,0.5740505642361111,0.41405084385321805,0.015430763883282442,0.01171875,0.7724609375,1.0,512.0,10.0,0.5740505642361111,,,,,,,,,,,,,,,,,
learning_curve_by_feature_mode_hidden_dim_register_type_epoch,random_conjunctive,nearest,720,0.5870361328125,0.4250335032719552,0.015840063433849517,0.01171875,0.9267578125,1.0,512.0,20.0,0.5870361328125,,,,,,,,,,,,,,,,,
learning_curve_by_feature_mode_hidden_dim_register_type_epoch,random_conjunctive,nearest,720,0.587353515625,0.42533750000084225,0.015851392723028334,0.01171875,0.9375,1.0,512.0,50.0,0.587353515625,,,,,,,,,,,,,,,,,
learning_curve_by_feature_mode_hidden_dim_register_type_epoch,random_conjunctive,hopfield,720,0.05584309895833333,0.05136082669656598,0.0019141049979017914,0.0,0.03125,0.28125,1024.0,0.0,0.05584309895833333,,,,,,,,,,,,,,,,,
learning_curve_by_feature_mode_hidden_dim_register_type_epoch,random_conjunctive,hopfield,720,0.15843641493055555,0.1315640522967837,0.004903102738849094,0.0,0.1171875,0.6875,1024.0,1.0,0.15843641493055555,,,,,,,,,,,,,,,,,
learning_curve_by_feature_mode_hidden_dim_register_type_epoch,random_conjunctive,hopfield,720,0.2220703125,0.19813274270656175,0.007383971354339129,0.0,0.16796875,0.875,1024.0,2.0,0.2220703125,,,,,,,,,,,,,,,,,
learning_curve_by_feature_mode_hidden_dim_register_type_epoch,random_conjunctive,hopfield,720,0.3478190104166667,0.30974313351406785,0.011543445035020817,0.0,0.25,1.0,1024.0,5.0,0.3478190104166667,,,,,,,,,,,,,,,,,
learning_curve_by_feature_mode_hidden_dim_register_type_epoch,random_conjunctive,hopfield,720,0.4685194227430556,0.3983246513907133,0.014844683293725685,0.0,0.34375,1.0,1024.0,10.0,0.4685194227430556,,,,,,,,,,,,,,,,,
learning_curve_by_feature_mode_hidden_dim_register_type_epoch,random_conjunctive,hopfield,720,0.5068522135416667,0.4215257288544932,0.015709336399729854,0.0,0.4248046875,1.0,1024.0,20.0,0.5068522135416667,,,,,,,,,,,,,,,,,
learning_curve_by_feature_mode_hidden_dim_register_type_epoch,random_conjunctive,hopfield,720,0.5108805338541667,0.4239939421813043,0.0158013212794252,0.0,0.421875,1.0,1024.0,50.0,0.5108805338541667,,,,,,,,,,,,,,,,,
learning_curve_by_feature_mode_hidden_dim_register_type_epoch,random_conjunctive,nearest,720,0.05626627604166667,0.04767471102374279,0.0017767315776124576,0.0,0.0390625,0.25,1024.0,0.0,0.05626627604166667,,,,,,,,,,,,,,,,,
learning_curve_by_feature_mode_hidden_dim_register_type_epoch,random_conjunctive,nearest,720,0.2207736545138889,0.1445570000060205,0.005387321310614989,0.01171875,0.189453125,0.8125,1024.0,1.0,0.2207736545138889,,,,,,,,,,,,,,,,,
learning_curve_by_feature_mode_hidden_dim_register_type_epoch,random_conjunctive,nearest,720,0.3379123263888889,0.24195776271018962,0.009017233418395795,0.01171875,0.28125,0.9375,1024.0,2.0,0.3379123263888889,,,,,,,,,,,,,,,,,
learning_curve_by_feature_mode_hidden_dim_register_type_epoch,random_conjunctive,nearest,720,0.5028455946180556,0.36269881120821323,0.013516986620332122,0.01171875,0.484375,1.0,1024.0,5.0,0.5028455946180556,,,,,,,,,,,,,,,,,
learning_curve_by_feature_mode_hidden_dim_register_type_epoch,random_conjunctive,nearest,720,0.5817437065972222,0.42010782446045264,0.01565649422288535,0.01171875,0.78125,1.0,1024.0,10.0,0.5817437065972222,,,,,,,,,,,,,,,,,
learning_curve_by_feature_mode_hidden_dim_register_type_epoch,random_conjunctive,nearest,720,0.5875569661458333,0.425065512664917,0.015841256353492535,0.01171875,0.904296875,1.0,1024.0,20.0,0.5875569661458333,,,,,,,,,,,,,,,,,
learning_curve_by_feature_mode_hidden_dim_register_type_epoch,random_conjunctive,nearest,720,0.5875678168402778,0.4250760180734298,0.01584164786695197,0.01171875,0.90625,1.0,1024.0,50.0,0.5875678168402778,,,,,,,,,,,,,,,,,
learning_curve_by_feature_mode_hidden_dim_register_type_epoch,random_conjunctive,hopfield,720,0.05584309895833333,0.05136082669656598,0.0019141049979017914,0.0,0.03125,0.28125,2048.0,0.0,0.05584309895833333,,,,,,,,,,,,,,,,,
learning_curve_by_feature_mode_hidden_dim_register_type_epoch,random_conjunctive,hopfield,720,0.16169976128472222,0.1391488495486826,0.005185771443029086,0.00390625,0.123046875,0.8125,2048.0,1.0,0.16169976128472222,,,,,,,,,,,,,,,,,
learning_curve_by_feature_mode_hidden_dim_register_type_epoch,random_conjunctive,hopfield,720,0.22643500434027777,0.20660666370087277,0.007699775743993163,0.00390625,0.1640625,1.0,2048.0,2.0,0.22643500434027777,,,,,,,,,,,,,,,,,
learning_curve_by_feature_mode_hidden_dim_register_type_epoch,random_conjunctive,hopfield,720,0.35355902777777776,0.3133227780933984,0.011676850511932013,0.00390625,0.2578125,1.0,2048.0,5.0,0.35355902777777776,,,,,,,,,,,,,,,,,
learning_curve_by_feature_mode_hidden_dim_register_type_epoch,random_conjunctive,hopfield,720,0.4827745225694444,0.405761049217494,0.015121821477865907,0.00390625,0.380859375,1.0,2048.0,10.0,0.4827745225694444,,,,,,,,,,,,,,,,,
learning_curve_by_feature_mode_hidden_dim_register_type_epoch,random_conjunctive,hopfield,720,0.5099636501736111,0.4233788256946488,0.015778397241454488,0.00390625,0.4287109375,1.0,2048.0,20.0,0.5099636501736111,,,,,,,,,,,,,,,,,
learning_curve_by_feature_mode_hidden_dim_register_type_epoch,random_conjunctive,hopfield,720,0.5115641276041667,0.4241624133099207,0.015807599827689072,0.00390625,0.421875,1.0,2048.0,50.0,0.5115641276041667,,,,,,,,,,,,,,,,,
learning_curve_by_feature_mode_hidden_dim_register_type_epoch,random_conjunctive,nearest,720,0.05626627604166667,0.04767471102374279,0.0017767315776124576,0.0,0.0390625,0.25,2048.0,0.0,0.05626627604166667,,,,,,,,,,,,,,,,,
learning_curve_by_feature_mode_hidden_dim_register_type_epoch,random_conjunctive,nearest,720,0.2203342013888889,0.14959644243794917,0.005575130241389812,0.01171875,0.1875,0.875,2048.0,1.0,0.2203342013888889,,,,,,,,,,,,,,,,,
learning_curve_by_feature_mode_hidden_dim_register_type_epoch,random_conjunctive,nearest,720,0.34103190104166664,0.24979515915402653,0.00930931593864637,0.01171875,0.28125,1.0,2048.0,2.0,0.34103190104166664,,,,,,,,,,,,,,,,,
learning_curve_by_feature_mode_hidden_dim_register_type_epoch,random_conjunctive,nearest,720,0.5116943359375,0.3691191219573338,0.01375625747486056,0.01171875,0.5,1.0,2048.0,5.0,0.5116943359375,,,,,,,,,,,,,,,,,
learning_curve_by_feature_mode_hidden_dim_register_type_epoch,random_conjunctive,nearest,720,0.5851969401041667,0.42287725652677194,0.015759704862207978,0.01171875,0.8671875,1.0,2048.0,10.0,0.5851969401041667,,,,,,,,,,,,,,,,,
learning_curve_by_feature_mode_hidden_dim_register_type_epoch,random_conjunctive,nearest,720,0.5878526475694444,0.4252575367676066,0.015848412669274742,0.01171875,0.9375,1.0,2048.0,20.0,0.5878526475694444,,,,,,,,,,,,,,,,,
learning_curve_by_feature_mode_hidden_dim_register_type_epoch,random_conjunctive,nearest,720,0.5878526475694444,0.4252575367676066,0.015848412669274742,0.01171875,0.9375,1.0,2048.0,50.0,0.5878526475694444,,,,,,,,,,,,,,,,,
hashed_pair_by_hidden_dim_at_max_epoch,,hopfield,360,0.3836859809027778,0.25016127030326035,0.013184656608655728,0.033203125,0.30859375,1.0,32.0,,0.3836859809027778,,,,,,,,,,,,,,,,,
hashed_pair_by_hidden_dim_at_max_epoch,,hopfield,360,0.51796875,0.26747522493176457,0.01409718214083719,0.041015625,0.49609375,1.0,64.0,,0.51796875,,,,,,,,,,,,,,,,,
hashed_pair_by_hidden_dim_at_max_epoch,,hopfield,360,0.6466471354166666,0.25241738211026427,0.01330356414142457,0.08984375,0.6796875,1.0,128.0,,0.6466471354166666,,,,,,,,,,,,,,,,,
hashed_pair_by_hidden_dim_at_max_epoch,,hopfield,360,0.7451931423611111,0.22423998232082432,0.011818484776828252,0.142578125,0.828125,1.0,256.0,,0.7451931423611111,,,,,,,,,,,,,,,,,
hashed_pair_by_hidden_dim_at_max_epoch,,hopfield,360,0.8179307725694445,0.19956614751499757,0.010518059500209068,0.21484375,0.8984375,1.0,512.0,,0.8179307725694445,,,,,,,,,,,,,,,,,
hashed_pair_by_hidden_dim_at_max_epoch,,hopfield,360,0.8583875868055556,0.18442345489825795,0.00971996952393053,0.2578125,0.94921875,1.0,1024.0,,0.8583875868055556,,,,,,,,,,,,,,,,,
hashed_pair_by_hidden_dim_at_max_epoch,,nearest,360,0.39993489583333336,0.2384453972346844,0.012567175880753624,0.068359375,0.3515625,1.0,32.0,,0.39993489583333336,,,,,,,,,,,,,,,,,
hashed_pair_by_hidden_dim_at_max_epoch,,nearest,360,0.5461317274305556,0.24483366692055578,0.012903867255999657,0.130859375,0.55078125,1.0,64.0,,0.5461317274305556,,,,,,,,,,,,,,,,,
hashed_pair_by_hidden_dim_at_max_epoch,,nearest,360,0.6901584201388888,0.21123347137077447,0.01113298145992695,0.248046875,0.703125,1.0,128.0,,0.6901584201388888,,,,,,,,,,,,,,,,,
hashed_pair_by_hidden_dim_at_max_epoch,,nearest,360,0.8044487847222223,0.15586006569898092,0.008214546731204388,0.419921875,0.8359375,1.0,256.0,,0.8044487847222223,,,,,,,,,,,,,,,,,
hashed_pair_by_hidden_dim_at_max_epoch,,nearest,360,0.8900065104166667,0.10023609121073074,0.005282905866304898,0.62109375,0.921875,1.0,512.0,,0.8900065104166667,,,,,,,,,,,,,,,,,
hashed_pair_by_hidden_dim_at_max_epoch,,nearest,360,0.9390082465277778,0.05885100160621961,0.0031017201276313613,0.7578125,0.953125,1.0,1024.0,,0.9390082465277778,,,,,,,,,,,,,,,,,
sparse_topk_by_write_fraction_at_max_epoch,,hopfield,40,0.0494140625,0.025843850038950022,0.004086271481545668,0.0078125,0.046875,0.109375,,,0.0494140625,keep_current,0.2,,,,,,,,,,,,,,,
sparse_topk_by_write_fraction_at_max_epoch,,hopfield,40,0.0853515625,0.041316670305000955,0.006532739174902338,0.015625,0.078125,0.2109375,,,0.0853515625,keep_current,0.3,,,,,,,,,,,,,,,
sparse_topk_by_write_fraction_at_max_epoch,,hopfield,40,0.5705078125,0.09993123355489857,0.015800515371186222,0.3359375,0.578125,0.75,,,0.5705078125,keep_current,0.4,,,,,,,,,,,,,,,
sparse_topk_by_write_fraction_at_max_epoch,,hopfield,40,0.96875,0.05732807700822991,0.009064364861176896,0.7578125,1.0,1.0,,,0.96875,keep_current,0.5,,,,,,,,,,,,,,,
sparse_topk_by_write_fraction_at_max_epoch,,hopfield,40,0.999609375,0.0017243861551808769,0.00027264939080160654,0.9921875,1.0,1.0,,,0.999609375,keep_current,0.75,,,,,,,,,,,,,,,
sparse_topk_by_write_fraction_at_max_epoch,,hopfield,40,0.9990234375,0.006176323555016366,0.0009765625,0.9609375,1.0,1.0,,,0.9990234375,keep_current,1.0,,,,,,,,,,,,,,,
sparse_topk_by_write_fraction_at_max_epoch,,hopfield,40,0.7703125,0.215039792549676,0.03400077660135416,0.296875,0.85546875,1.0,,,0.7703125,random_noise,0.2,,,,,,,,,,,,,,,
sparse_topk_by_write_fraction_at_max_epoch,,hopfield,40,0.9451171875,0.09327281568889434,0.014747727067699664,0.7109375,1.0,1.0,,,0.9451171875,random_noise,0.3,,,,,,,,,,,,,,,
sparse_topk_by_write_fraction_at_max_epoch,,hopfield,40,0.9892578125,0.023847082228845667,0.0037705547696238505,0.921875,1.0,1.0,,,0.9892578125,random_noise,0.4,,,,,,,,,,,,,,,
sparse_topk_by_write_fraction_at_max_epoch,,hopfield,40,0.996484375,0.0113213880829605,0.001790068630842125,0.953125,1.0,1.0,,,0.996484375,random_noise,0.5,,,,,,,,,,,,,,,
sparse_topk_by_write_fraction_at_max_epoch,,hopfield,40,1.0,0.0,0.0,1.0,1.0,1.0,,,1.0,random_noise,0.75,,,,,,,,,,,,,,,
sparse_topk_by_write_fraction_at_max_epoch,,hopfield,40,0.9990234375,0.006176323555016366,0.0009765625,0.9609375,1.0,1.0,,,0.9990234375,random_noise,1.0,,,,,,,,,,,,,,,
sparse_topk_by_write_fraction_at_max_epoch,,nearest,40,0.048046875,0.025671446922590067,0.004059012155375243,0.0078125,0.04296875,0.109375,,,0.048046875,keep_current,0.2,,,,,,,,,,,,,,,
sparse_topk_by_write_fraction_at_max_epoch,,nearest,40,0.048046875,0.025671446922590067,0.004059012155375243,0.0078125,0.04296875,0.109375,,,0.048046875,keep_current,0.3,,,,,,,,,,,,,,,
sparse_topk_by_write_fraction_at_max_epoch,,nearest,40,0.048046875,0.025671446922590067,0.004059012155375243,0.0078125,0.04296875,0.109375,,,0.048046875,keep_current,0.4,,,,,,,,,,,,,,,
sparse_topk_by_write_fraction_at_max_epoch,,nearest,40,0.52109375,0.0703948058161782,0.01113039609121957,0.3515625,0.515625,0.640625,,,0.52109375,keep_current,0.5,,,,,,,,,,,,,,,
sparse_topk_by_write_fraction_at_max_epoch,,nearest,40,1.0,0.0,0.0,1.0,1.0,1.0,,,1.0,keep_current,0.75,,,,,,,,,,,,,,,
sparse_topk_by_write_fraction_at_max_epoch,,nearest,40,1.0,0.0,0.0,1.0,1.0,1.0,,,1.0,keep_current,1.0,,,,,,,,,,,,,,,
sparse_topk_by_write_fraction_at_max_epoch,,nearest,40,0.940625,0.05762215285808055,0.009110862335695781,0.8125,0.96484375,1.0,,,0.940625,random_noise,0.2,,,,,,,,,,,,,,,
sparse_topk_by_write_fraction_at_max_epoch,,nearest,40,0.998828125,0.0037737960276535,0.0005966895436140417,0.984375,1.0,1.0,,,0.998828125,random_noise,0.3,,,,,,,,,,,,,,,
sparse_topk_by_write_fraction_at_max_epoch,,nearest,40,1.0,0.0,0.0,1.0,1.0,1.0,,,1.0,random_noise,0.4,,,,,,,,,,,,,,,
sparse_topk_by_write_fraction_at_max_epoch,,nearest,40,1.0,0.0,0.0,1.0,1.0,1.0,,,1.0,random_noise,0.5,,,,,,,,,,,,,,,
sparse_topk_by_write_fraction_at_max_epoch,,nearest,40,1.0,0.0,0.0,1.0,1.0,1.0,,,1.0,random_noise,0.75,,,,,,,,,,,,,,,
sparse_topk_by_write_fraction_at_max_epoch,,nearest,40,1.0,0.0,0.0,1.0,1.0,1.0,,,1.0,random_noise,1.0,,,,,,,,,,,,,,,
coverage_all_accuracy_at_max_epoch,,hopfield,360,0.2675835503472222,0.06909931413138151,0.003641853623510416,0.07421875,0.2734375,0.46875,,,0.2675835503472222,,,0.25,,,,,,,,,,,,,,
coverage_all_accuracy_at_max_epoch,,hopfield,360,0.4814398871527778,0.09925099325781285,0.0052309866454784,0.125,0.515625,0.6875,,,0.4814398871527778,,,0.5,,,,,,,,,,,,,,
coverage_all_accuracy_at_max_epoch,,hopfield,360,0.6954861111111111,0.1349200832102001,0.00711091275072791,0.2265625,0.75,0.875,,,0.6954861111111111,,,0.75,,,,,,,,,,,,,,
coverage_all_accuracy_at_max_epoch,,nearest,360,0.2926052517361111,0.03849095086868416,0.0020286512341779767,0.25,0.28125,0.4375,,,0.2926052517361111,,,0.25,,,,,,,,,,,,,,
coverage_all_accuracy_at_max_epoch,,nearest,360,0.5290581597222223,0.03150847872435276,0.0016606426395985234,0.5,0.515625,0.6875,,,0.5290581597222223,,,0.5,,,,,,,,,,,,,,
coverage_all_accuracy_at_max_epoch,,nearest,360,0.7655219184027777,0.020568409285828065,0.001084050353162899,0.75,0.7578125,0.875,,,0.7655219184027777,,,0.75,,,,,,,,,,,,,,
coverage_seen_accuracy_at_max_epoch,,hopfield,360,,,,,,,,,,,,0.25,0.9065972222222223,0.17882645410744263,0.009424981681184863,0.21875,1.0,1.0,0.9065972222222223,,,,,,,
coverage_seen_accuracy_at_max_epoch,,hopfield,360,,,,,,,,,,,,0.5,0.9088433159722222,0.1727696464132519,0.009105759886796941,0.21875,1.0,1.0,0.9088433159722222,,,,,,,
coverage_seen_accuracy_at_max_epoch,,hopfield,360,,,,,,,,,,,,0.75,0.9086950231481481,0.17184271996137948,0.009056906573274019,0.2916666666666667,1.0,1.0,0.9086950231481481,,,,,,,
coverage_seen_accuracy_at_max_epoch,,nearest,360,,,,,,,,,,,,0.25,1.0,0.0,0.0,1.0,1.0,1.0,1.0,,,,,,,
coverage_seen_accuracy_at_max_epoch,,nearest,360,,,,,,,,,,,,0.5,1.0,0.0,0.0,1.0,1.0,1.0,1.0,,,,,,,
coverage_seen_accuracy_at_max_epoch,,nearest,360,,,,,,,,,,,,0.75,1.0,0.0,0.0,1.0,1.0,1.0,1.0,,,,,,,
coverage_unseen_accuracy_at_max_epoch,,hopfield,360,,,,,,,,,,,,0.25,,,,,,,,0.054578993055555525,0.05302907151586237,0.002794877469901382,0.0,0.0416666666666666,0.2916666666666667,0.054578993055555525
coverage_unseen_accuracy_at_max_epoch,,hopfield,360,,,,,,,,,,,,0.5,,,,,,,,0.054036458333333336,0.05775241786862868,0.0030438196807778934,0.0,0.03125,0.375,0.054036458333333336
coverage_unseen_accuracy_at_max_epoch,,hopfield,360,,,,,,,,,,,,0.75,,,,,,,,0.055859375,0.07535106276011666,0.00397134970727104,0.0,0.03125,0.5,0.055859375
coverage_unseen_accuracy_at_max_epoch,,nearest,360,,,,,,,,,,,,0.25,,,,,,,,0.05680700231481478,0.05132126782491222,0.0027048683122373024,0.0,0.0416666666666666,0.25,0.05680700231481478
coverage_unseen_accuracy_at_max_epoch,,nearest,360,,,,,,,,,,,,0.5,,,,,,,,0.058116319444444446,0.0630169574487055,0.003321285279197046,0.0,0.03125,0.375,0.058116319444444446
coverage_unseen_accuracy_at_max_epoch,,nearest,360,,,,,,,,,,,,0.75,,,,,,,,0.06208767361111111,0.08227363714331226,0.004336201412651596,0.0,0.03125,0.5,0.06208767361111111
