summary_type,register_type,count,recovery_accuracy_mean,recovery_accuracy_std,recovery_accuracy_sem,recovery_accuracy_min,recovery_accuracy_median,recovery_accuracy_max,capacity_ratio,recovery_accuracy,state_dim,0.025,0.05,0.1,0.138,0.2,0.3,0.5,0.75,1.0,target_capacity_ratio,actual_capacity_ratio,hopfield_recovery_accuracy,used_nearest_available,threshold,first_capacity_ratio_below_threshold,experiment,seed,num_states,flip_fraction,mean_abs_overlap
overall_by_register_type,hopfield,450.0,0.7769562739414381,0.2591783019111821,0.012217782321187412,0.1385416666666666,0.8683938419117647,1.0,,,,,,,,,,,,,,,,,,,,,,,
overall_by_register_type,nearest,450.0,1.0,0.0,0.0,1.0,1.0,1.0,,,,,,,,,,,,,,,,,,,,,,,
by_register_type_capacity_ratio,hopfield,50.0,1.0,0.0,0.0,1.0,1.0,1.0,0.025,1.0,,,,,,,,,,,,,,,,,,,,,
by_register_type_capacity_ratio,hopfield,50.0,1.0,0.0,0.0,1.0,1.0,1.0,0.05,1.0,,,,,,,,,,,,,,,,,,,,,
by_register_type_capacity_ratio,hopfield,50.0,0.9997133333333333,0.001438079470112216,0.00020337514904030099,0.9916666666666668,1.0,1.0,0.1,0.9997133333333333,,,,,,,,,,,,,,,,,,,,,
by_register_type_capacity_ratio,hopfield,50.0,0.9851980183562787,0.02503472500933832,0.003540444763848716,0.8823529411764706,0.9964285714285714,1.0,0.138,0.9851980183562787,,,,,,,,,,,,,,,,,,,,,
by_register_type_capacity_ratio,hopfield,50.0,0.82424,0.10360087410930077,0.014651376123908079,0.4990196078431372,0.841421568627451,0.9958333333333332,0.2,0.82424,,,,,,,,,,,,,,,,,,,,,
by_register_type_capacity_ratio,hopfield,50.0,0.6564372101374981,0.15958445170067845,0.022568649593897358,0.2894736842105263,0.6532765737874098,0.9017915309446254,0.3,0.6564372101374981,,,,,,,,,,,,,,,,,,,,,
by_register_type_capacity_ratio,hopfield,50.0,0.566826171875,0.1967640281341191,0.02782663571744325,0.1625,0.5427734375,0.8845703125,0.5,0.566826171875,,,,,,,,,,,,,,,,,,,,,
by_register_type_capacity_ratio,hopfield,50.0,0.4939075520833333,0.218404683700137,0.030887086577453978,0.1385416666666666,0.42252604166666663,0.8953125,0.75,0.4939075520833333,,,,,,,,,,,,,,,,,,,,,
by_register_type_capacity_ratio,hopfield,50.0,0.4662841796874999,0.2312451267412773,0.032702999447019966,0.14453125,0.39814453125,0.864892578125,1.0,0.4662841796874999,,,,,,,,,,,,,,,,,,,,,
by_register_type_capacity_ratio,nearest,50.0,1.0,0.0,0.0,1.0,1.0,1.0,0.025,1.0,,,,,,,,,,,,,,,,,,,,,
by_register_type_capacity_ratio,nearest,50.0,1.0,0.0,0.0,1.0,1.0,1.0,0.05,1.0,,,,,,,,,,,,,,,,,,,,,
by_register_type_capacity_ratio,nearest,50.0,1.0,0.0,0.0,1.0,1.0,1.0,0.1,1.0,,,,,,,,,,,,,,,,,,,,,
by_register_type_capacity_ratio,nearest,50.0,1.0,0.0,0.0,1.0,1.0,1.0,0.138,1.0,,,,,,,,,,,,,,,,,,,,,
by_register_type_capacity_ratio,nearest,50.0,1.0,0.0,0.0,1.0,1.0,1.0,0.2,1.0,,,,,,,,,,,,,,,,,,,,,
by_register_type_capacity_ratio,nearest,50.0,1.0,0.0,0.0,1.0,1.0,1.0,0.3,1.0,,,,,,,,,,,,,,,,,,,,,
by_register_type_capacity_ratio,nearest,50.0,1.0,0.0,0.0,1.0,1.0,1.0,0.5,1.0,,,,,,,,,,,,,,,,,,,,,
by_register_type_capacity_ratio,nearest,50.0,1.0,0.0,0.0,1.0,1.0,1.0,0.75,1.0,,,,,,,,,,,,,,,,,,,,,
by_register_type_capacity_ratio,nearest,50.0,1.0,0.0,0.0,1.0,1.0,1.0,1.0,1.0,,,,,,,,,,,,,,,,,,,,,
by_register_type_state_dim_capacity_ratio,hopfield,10.0,1.0,0.0,0.0,1.0,1.0,1.0,0.025,1.0,64.0,,,,,,,,,,,,,,,,,,,,
by_register_type_state_dim_capacity_ratio,hopfield,10.0,1.0,0.0,0.0,1.0,1.0,1.0,0.05,1.0,64.0,,,,,,,,,,,,,,,,,,,,
by_register_type_state_dim_capacity_ratio,hopfield,10.0,0.9991666666666668,0.002635231383473605,0.0008333333333333192,0.9916666666666668,1.0,1.0,0.1,0.9991666666666668,64.0,,,,,,,,,,,,,,,,,,,,
by_register_type_state_dim_capacity_ratio,hopfield,10.0,0.98125,0.02716334335501103,0.008589803386703457,0.925,1.0,1.0,0.138,0.98125,64.0,,,,,,,,,,,,,,,,,,,,
by_register_type_state_dim_capacity_ratio,hopfield,10.0,0.8841666666666667,0.11267647338429165,0.03563142946097025,0.6291666666666667,0.90625,0.9958333333333332,0.2,0.8841666666666667,64.0,,,,,,,,,,,,,,,,,,,,
by_register_type_state_dim_capacity_ratio,hopfield,10.0,0.5565789473684211,0.16794637970903542,0.05310930846600387,0.2894736842105263,0.5539473684210526,0.7973684210526316,0.3,0.5565789473684211,64.0,,,,,,,,,,,,,,,,,,,,
by_register_type_state_dim_capacity_ratio,hopfield,10.0,0.39484375,0.15196029912013387,0.048054065914010395,0.1625,0.4171875,0.6046875,0.5,0.39484375,64.0,,,,,,,,,,,,,,,,,,,,
by_register_type_state_dim_capacity_ratio,hopfield,10.0,0.27208333333333334,0.06055380349147321,0.019148794001931174,0.1385416666666666,0.2791666666666667,0.3541666666666667,0.75,0.27208333333333334,64.0,,,,,,,,,,,,,,,,,,,,
by_register_type_state_dim_capacity_ratio,hopfield,10.0,0.22132812500000001,0.045855596510532996,0.014500812843895358,0.14453125,0.22578125,0.3015625,1.0,0.22132812500000001,64.0,,,,,,,,,,,,,,,,,,,,
by_register_type_state_dim_capacity_ratio,hopfield,10.0,1.0,0.0,0.0,1.0,1.0,1.0,0.025,1.0,128.0,,,,,,,,,,,,,,,,,,,,
by_register_type_state_dim_capacity_ratio,hopfield,10.0,1.0,0.0,0.0,1.0,1.0,1.0,0.05,1.0,128.0,,,,,,,,,,,,,,,,,,,,
by_register_type_state_dim_capacity_ratio,hopfield,10.0,1.0,0.0,0.0,1.0,1.0,1.0,0.1,1.0,128.0,,,,,,,,,,,,,,,,,,,,
by_register_type_state_dim_capacity_ratio,hopfield,10.0,0.976470588235294,0.03534854191631363,0.011178190442148414,0.8823529411764706,0.9882352941176472,1.0,0.138,0.976470588235294,128.0,,,,,,,,,,,,,,,,,,,,
by_register_type_state_dim_capacity_ratio,hopfield,10.0,0.8211999999999999,0.11692808806175603,0.03697590807238921,0.526,0.837,0.944,0.2,0.8211999999999999,128.0,,,,,,,,,,,,,,,,,,,,
by_register_type_state_dim_capacity_ratio,hopfield,10.0,0.5430263157894737,0.1423231084185017,0.04500651862775501,0.3368421052631579,0.5223684210526316,0.8092105263157895,0.3,0.5430263157894737,128.0,,,,,,,,,,,,,,,,,,,,
by_register_type_state_dim_capacity_ratio,hopfield,10.0,0.40203125,0.036782782524950146,0.011631737145748168,0.3484375,0.410546875,0.45078125,0.5,0.40203125,128.0,,,,,,,,,,,,,,,,,,,,
by_register_type_state_dim_capacity_ratio,hopfield,10.0,0.3265625,0.06287551158886687,0.019882982566913173,0.2088541666666666,0.34739583333333335,0.3921875,0.75,0.3265625,128.0,,,,,,,,,,,,,,,,,,,,
by_register_type_state_dim_capacity_ratio,hopfield,10.0,0.29296875,0.0681451255631746,0.02154938082177962,0.17265625,0.30156249999999996,0.38984375,1.0,0.29296875,128.0,,,,,,,,,,,,,,,,,,,,
by_register_type_state_dim_capacity_ratio,hopfield,10.0,1.0,0.0,0.0,1.0,1.0,1.0,0.025,1.0,256.0,,,,,,,,,,,,,,,,,,,,
by_register_type_state_dim_capacity_ratio,hopfield,10.0,1.0,0.0,0.0,1.0,1.0,1.0,0.05,1.0,256.0,,,,,,,,,,,,,,,,,,,,
by_register_type_state_dim_capacity_ratio,hopfield,10.0,0.9994,0.0018973665961010292,0.0006000000000000005,0.994,1.0,1.0,0.1,0.9994,256.0,,,,,,,,,,,,,,,,,,,,
by_register_type_state_dim_capacity_ratio,hopfield,10.0,0.9762857142857142,0.03022365609510377,0.009557559247815851,0.9042857142857142,0.985,1.0,0.138,0.9762857142857142,256.0,,,,,,,,,,,,,,,,,,,,
by_register_type_state_dim_capacity_ratio,hopfield,10.0,0.7733333333333333,0.1222631087461101,0.038662989745056116,0.4990196078431372,0.8343137254901961,0.9117647058823528,0.2,0.7733333333333333,256.0,,,,,,,,,,,,,,,,,,,,
by_register_type_state_dim_capacity_ratio,hopfield,10.0,0.6307236842105264,0.09410989451330953,0.029760161702024144,0.5190789473684211,0.6105263157894737,0.8157894736842105,0.3,0.6307236842105264,256.0,,,,,,,,,,,,,,,,,,,,
by_register_type_state_dim_capacity_ratio,hopfield,10.0,0.508046875,0.08619598908972652,0.027257565069455952,0.346875,0.5054687499999999,0.63984375,0.5,0.508046875,256.0,,,,,,,,,,,,,,,,,,,,
by_register_type_state_dim_capacity_ratio,hopfield,10.0,0.41687499999999994,0.07418425327279353,0.023459120686082795,0.2731770833333333,0.42252604166666663,0.5078125,0.75,0.41687499999999994,256.0,,,,,,,,,,,,,,,,,,,,
by_register_type_state_dim_capacity_ratio,hopfield,10.0,0.39638671875,0.06100842296487981,0.019292557302394292,0.3154296875,0.3919921875,0.5017578125,1.0,0.39638671875,256.0,,,,,,,,,,,,,,,,,,,,
by_register_type_state_dim_capacity_ratio,hopfield,10.0,1.0,0.0,0.0,1.0,1.0,1.0,0.025,1.0,512.0,,,,,,,,,,,,,,,,,,,,
by_register_type_state_dim_capacity_ratio,hopfield,10.0,1.0,0.0,0.0,1.0,1.0,1.0,0.05,1.0,512.0,,,,,,,,,,,,,,,,,,,,
by_register_type_state_dim_capacity_ratio,hopfield,10.0,1.0,0.0,0.0,1.0,1.0,1.0,0.1,1.0,512.0,,,,,,,,,,,,,,,,,,,,
by_register_type_state_dim_capacity_ratio,hopfield,10.0,0.9947142857142856,0.005347345538525667,0.0016909791337680767,0.9828571428571428,0.9957142857142858,1.0,0.138,0.9947142857142856,512.0,,,,,,,,,,,,,,,,,,,,
by_register_type_state_dim_capacity_ratio,hopfield,10.0,0.7909313725490196,0.044932709405919376,0.014208970316517645,0.7269607843137255,0.7887254901960784,0.8642156862745098,0.2,0.7909313725490196,512.0,,,,,,,,,,,,,,,,,,,,
by_register_type_state_dim_capacity_ratio,hopfield,10.0,0.7051307189542484,0.1009363806668625,0.03191888616810708,0.4803921568627451,0.7250000000000001,0.8140522875816993,0.3,0.7051307189542484,512.0,,,,,,,,,,,,,,,,,,,,
by_register_type_state_dim_capacity_ratio,hopfield,10.0,0.6696093750000001,0.06911991362342615,0.02185763587241285,0.5767578125,0.64755859375,0.7751953125,0.5,0.6696093750000001,512.0,,,,,,,,,,,,,,,,,,,,
by_register_type_state_dim_capacity_ratio,hopfield,10.0,0.6127734375000001,0.06118632456454373,0.019348814727826836,0.5091145833333334,0.6293619791666667,0.68203125,0.75,0.6127734375000001,512.0,,,,,,,,,,,,,,,,,,,,
by_register_type_state_dim_capacity_ratio,hopfield,10.0,0.576826171875,0.05199534906471122,0.01644237307799931,0.473046875,0.577734375,0.6515625,1.0,0.576826171875,512.0,,,,,,,,,,,,,,,,,,,,
by_register_type_state_dim_capacity_ratio,hopfield,10.0,1.0,0.0,0.0,1.0,1.0,1.0,0.025,1.0,1024.0,,,,,,,,,,,,,,,,,,,,
by_register_type_state_dim_capacity_ratio,hopfield,10.0,1.0,0.0,0.0,1.0,1.0,1.0,0.05,1.0,1024.0,,,,,,,,,,,,,,,,,,,,
by_register_type_state_dim_capacity_ratio,hopfield,10.0,1.0,0.0,0.0,1.0,1.0,1.0,0.1,1.0,1024.0,,,,,,,,,,,,,,,,,,,,
by_register_type_state_dim_capacity_ratio,hopfield,10.0,0.9972695035460994,0.005483538041724124,0.0017340469848027657,0.9826241134751772,0.999645390070922,1.0,0.138,0.9972695035460994,1024.0,,,,,,,,,,,,,,,,,,,,
by_register_type_state_dim_capacity_ratio,hopfield,10.0,0.8515686274509804,0.07847358953669574,0.0248155279105116,0.7098039215686275,0.8636029411764706,0.9387254901960784,0.2,0.8515686274509804,1024.0,,,,,,,,,,,,,,,,,,,,
by_register_type_state_dim_capacity_ratio,hopfield,10.0,0.8467263843648208,0.046634975008698634,0.014747273965251835,0.7801302931596091,0.8438110749185668,0.9017915309446254,0.3,0.8467263843648208,1024.0,,,,,,,,,,,,,,,,,,,,
by_register_type_state_dim_capacity_ratio,hopfield,10.0,0.8595996093749999,0.016693732219841925,0.005279021646363921,0.82744140625,0.8614257812499999,0.8845703125,0.5,0.8595996093749999,1024.0,,,,,,,,,,,,,,,,,,,,
by_register_type_state_dim_capacity_ratio,hopfield,10.0,0.8412434895833332,0.02660002983287759,0.008411668010032123,0.808984375,0.83447265625,0.8953125,0.75,0.8412434895833332,1024.0,,,,,,,,,,,,,,,,,,,,
by_register_type_state_dim_capacity_ratio,hopfield,10.0,0.8439111328125002,0.02160937449492881,0.006833484221552573,0.7869140625,0.84951171875,0.864892578125,1.0,0.8439111328125002,1024.0,,,,,,,,,,,,,,,,,,,,
by_register_type_state_dim_capacity_ratio,nearest,10.0,1.0,0.0,0.0,1.0,1.0,1.0,0.025,1.0,64.0,,,,,,,,,,,,,,,,,,,,
by_register_type_state_dim_capacity_ratio,nearest,10.0,1.0,0.0,0.0,1.0,1.0,1.0,0.05,1.0,64.0,,,,,,,,,,,,,,,,,,,,
by_register_type_state_dim_capacity_ratio,nearest,10.0,1.0,0.0,0.0,1.0,1.0,1.0,0.1,1.0,64.0,,,,,,,,,,,,,,,,,,,,
by_register_type_state_dim_capacity_ratio,nearest,10.0,1.0,0.0,0.0,1.0,1.0,1.0,0.138,1.0,64.0,,,,,,,,,,,,,,,,,,,,
by_register_type_state_dim_capacity_ratio,nearest,10.0,1.0,0.0,0.0,1.0,1.0,1.0,0.2,1.0,64.0,,,,,,,,,,,,,,,,,,,,
by_register_type_state_dim_capacity_ratio,nearest,10.0,1.0,0.0,0.0,1.0,1.0,1.0,0.3,1.0,64.0,,,,,,,,,,,,,,,,,,,,
by_register_type_state_dim_capacity_ratio,nearest,10.0,1.0,0.0,0.0,1.0,1.0,1.0,0.5,1.0,64.0,,,,,,,,,,,,,,,,,,,,
by_register_type_state_dim_capacity_ratio,nearest,10.0,1.0,0.0,0.0,1.0,1.0,1.0,0.75,1.0,64.0,,,,,,,,,,,,,,,,,,,,
by_register_type_state_dim_capacity_ratio,nearest,10.0,1.0,0.0,0.0,1.0,1.0,1.0,1.0,1.0,64.0,,,,,,,,,,,,,,,,,,,,
by_register_type_state_dim_capacity_ratio,nearest,10.0,1.0,0.0,0.0,1.0,1.0,1.0,0.025,1.0,128.0,,,,,,,,,,,,,,,,,,,,
by_register_type_state_dim_capacity_ratio,nearest,10.0,1.0,0.0,0.0,1.0,1.0,1.0,0.05,1.0,128.0,,,,,,,,,,,,,,,,,,,,
by_register_type_state_dim_capacity_ratio,nearest,10.0,1.0,0.0,0.0,1.0,1.0,1.0,0.1,1.0,128.0,,,,,,,,,,,,,,,,,,,,
by_register_type_state_dim_capacity_ratio,nearest,10.0,1.0,0.0,0.0,1.0,1.0,1.0,0.138,1.0,128.0,,,,,,,,,,,,,,,,,,,,
by_register_type_state_dim_capacity_ratio,nearest,10.0,1.0,0.0,0.0,1.0,1.0,1.0,0.2,1.0,128.0,,,,,,,,,,,,,,,,,,,,
by_register_type_state_dim_capacity_ratio,nearest,10.0,1.0,0.0,0.0,1.0,1.0,1.0,0.3,1.0,128.0,,,,,,,,,,,,,,,,,,,,
by_register_type_state_dim_capacity_ratio,nearest,10.0,1.0,0.0,0.0,1.0,1.0,1.0,0.5,1.0,128.0,,,,,,,,,,,,,,,,,,,,
by_register_type_state_dim_capacity_ratio,nearest,10.0,1.0,0.0,0.0,1.0,1.0,1.0,0.75,1.0,128.0,,,,,,,,,,,,,,,,,,,,
by_register_type_state_dim_capacity_ratio,nearest,10.0,1.0,0.0,0.0,1.0,1.0,1.0,1.0,1.0,128.0,,,,,,,,,,,,,,,,,,,,
by_register_type_state_dim_capacity_ratio,nearest,10.0,1.0,0.0,0.0,1.0,1.0,1.0,0.025,1.0,256.0,,,,,,,,,,,,,,,,,,,,
by_register_type_state_dim_capacity_ratio,nearest,10.0,1.0,0.0,0.0,1.0,1.0,1.0,0.05,1.0,256.0,,,,,,,,,,,,,,,,,,,,
by_register_type_state_dim_capacity_ratio,nearest,10.0,1.0,0.0,0.0,1.0,1.0,1.0,0.1,1.0,256.0,,,,,,,,,,,,,,,,,,,,
by_register_type_state_dim_capacity_ratio,nearest,10.0,1.0,0.0,0.0,1.0,1.0,1.0,0.138,1.0,256.0,,,,,,,,,,,,,,,,,,,,
by_register_type_state_dim_capacity_ratio,nearest,10.0,1.0,0.0,0.0,1.0,1.0,1.0,0.2,1.0,256.0,,,,,,,,,,,,,,,,,,,,
by_register_type_state_dim_capacity_ratio,nearest,10.0,1.0,0.0,0.0,1.0,1.0,1.0,0.3,1.0,256.0,,,,,,,,,,,,,,,,,,,,
by_register_type_state_dim_capacity_ratio,nearest,10.0,1.0,0.0,0.0,1.0,1.0,1.0,0.5,1.0,256.0,,,,,,,,,,,,,,,,,,,,
by_register_type_state_dim_capacity_ratio,nearest,10.0,1.0,0.0,0.0,1.0,1.0,1.0,0.75,1.0,256.0,,,,,,,,,,,,,,,,,,,,
by_register_type_state_dim_capacity_ratio,nearest,10.0,1.0,0.0,0.0,1.0,1.0,1.0,1.0,1.0,256.0,,,,,,,,,,,,,,,,,,,,
by_register_type_state_dim_capacity_ratio,nearest,10.0,1.0,0.0,0.0,1.0,1.0,1.0,0.025,1.0,512.0,,,,,,,,,,,,,,,,,,,,
by_register_type_state_dim_capacity_ratio,nearest,10.0,1.0,0.0,0.0,1.0,1.0,1.0,0.05,1.0,512.0,,,,,,,,,,,,,,,,,,,,
by_register_type_state_dim_capacity_ratio,nearest,10.0,1.0,0.0,0.0,1.0,1.0,1.0,0.1,1.0,512.0,,,,,,,,,,,,,,,,,,,,
by_register_type_state_dim_capacity_ratio,nearest,10.0,1.0,0.0,0.0,1.0,1.0,1.0,0.138,1.0,512.0,,,,,,,,,,,,,,,,,,,,
by_register_type_state_dim_capacity_ratio,nearest,10.0,1.0,0.0,0.0,1.0,1.0,1.0,0.2,1.0,512.0,,,,,,,,,,,,,,,,,,,,
by_register_type_state_dim_capacity_ratio,nearest,10.0,1.0,0.0,0.0,1.0,1.0,1.0,0.3,1.0,512.0,,,,,,,,,,,,,,,,,,,,
by_register_type_state_dim_capacity_ratio,nearest,10.0,1.0,0.0,0.0,1.0,1.0,1.0,0.5,1.0,512.0,,,,,,,,,,,,,,,,,,,,
by_register_type_state_dim_capacity_ratio,nearest,10.0,1.0,0.0,0.0,1.0,1.0,1.0,0.75,1.0,512.0,,,,,,,,,,,,,,,,,,,,
by_register_type_state_dim_capacity_ratio,nearest,10.0,1.0,0.0,0.0,1.0,1.0,1.0,1.0,1.0,512.0,,,,,,,,,,,,,,,,,,,,
by_register_type_state_dim_capacity_ratio,nearest,10.0,1.0,0.0,0.0,1.0,1.0,1.0,0.025,1.0,1024.0,,,,,,,,,,,,,,,,,,,,
by_register_type_state_dim_capacity_ratio,nearest,10.0,1.0,0.0,0.0,1.0,1.0,1.0,0.05,1.0,1024.0,,,,,,,,,,,,,,,,,,,,
by_register_type_state_dim_capacity_ratio,nearest,10.0,1.0,0.0,0.0,1.0,1.0,1.0,0.1,1.0,1024.0,,,,,,,,,,,,,,,,,,,,
by_register_type_state_dim_capacity_ratio,nearest,10.0,1.0,0.0,0.0,1.0,1.0,1.0,0.138,1.0,1024.0,,,,,,,,,,,,,,,,,,,,
by_register_type_state_dim_capacity_ratio,nearest,10.0,1.0,0.0,0.0,1.0,1.0,1.0,0.2,1.0,1024.0,,,,,,,,,,,,,,,,,,,,
by_register_type_state_dim_capacity_ratio,nearest,10.0,1.0,0.0,0.0,1.0,1.0,1.0,0.3,1.0,1024.0,,,,,,,,,,,,,,,,,,,,
by_register_type_state_dim_capacity_ratio,nearest,10.0,1.0,0.0,0.0,1.0,1.0,1.0,0.5,1.0,1024.0,,,,,,,,,,,,,,,,,,,,
by_register_type_state_dim_capacity_ratio,nearest,10.0,1.0,0.0,0.0,1.0,1.0,1.0,0.75,1.0,1024.0,,,,,,,,,,,,,,,,,,,,
by_register_type_state_dim_capacity_ratio,nearest,10.0,1.0,0.0,0.0,1.0,1.0,1.0,1.0,1.0,1024.0,,,,,,,,,,,,,,,,,,,,
hopfield_recovery_by_capacity_ratio,,,,,,,,,0.025,1.0,,,,,,,,,,,,,,,,,,,,,
hopfield_recovery_by_capacity_ratio,,,,,,,,,0.05,1.0,,,,,,,,,,,,,,,,,,,,,
hopfield_recovery_by_capacity_ratio,,,,,,,,,0.1,0.9997133333333333,,,,,,,,,,,,,,,,,,,,,
hopfield_recovery_by_capacity_ratio,,,,,,,,,0.138,0.9851980183562787,,,,,,,,,,,,,,,,,,,,,
hopfield_recovery_by_capacity_ratio,,,,,,,,,0.2,0.82424,,,,,,,,,,,,,,,,,,,,,
hopfield_recovery_by_capacity_ratio,,,,,,,,,0.3,0.6564372101374981,,,,,,,,,,,,,,,,,,,,,
hopfield_recovery_by_capacity_ratio,,,,,,,,,0.5,0.566826171875,,,,,,,,,,,,,,,,,,,,,
hopfield_recovery_by_capacity_ratio,,,,,,,,,0.75,0.4939075520833333,,,,,,,,,,,,,,,,,,,,,
hopfield_recovery_by_capacity_ratio,,,,,,,,,1.0,0.4662841796874999,,,,,,,,,,,,,,,,,,,,,
nearest_recovery_by_capacity_ratio,,,,,,,,,0.025,1.0,,,,,,,,,,,,,,,,,,,,,
nearest_recovery_by_capacity_ratio,,,,,,,,,0.05,1.0,,,,,,,,,,,,,,,,,,,,,
nearest_recovery_by_capacity_ratio,,,,,,,,,0.1,1.0,,,,,,,,,,,,,,,,,,,,,
nearest_recovery_by_capacity_ratio,,,,,,,,,0.138,1.0,,,,,,,,,,,,,,,,,,,,,
nearest_recovery_by_capacity_ratio,,,,,,,,,0.2,1.0,,,,,,,,,,,,,,,,,,,,,
nearest_recovery_by_capacity_ratio,,,,,,,,,0.3,1.0,,,,,,,,,,,,,,,,,,,,,
nearest_recovery_by_capacity_ratio,,,,,,,,,0.5,1.0,,,,,,,,,,,,,,,,,,,,,
nearest_recovery_by_capacity_ratio,,,,,,,,,0.75,1.0,,,,,,,,,,,,,,,,,,,,,
nearest_recovery_by_capacity_ratio,,,,,,,,,1.0,1.0,,,,,,,,,,,,,,,,,,,,,
hopfield_state_dim_x_capacity_ratio_pivot,,,,,,,,,,,64.0,1.0,1.0,0.9991666666666668,0.98125,0.8841666666666667,0.5565789473684211,0.39484375,0.27208333333333334,0.22132812500000001,,,,,,,,,,,
hopfield_state_dim_x_capacity_ratio_pivot,,,,,,,,,,,128.0,1.0,1.0,1.0,0.976470588235294,0.8211999999999999,0.5430263157894737,0.40203125,0.3265625,0.29296875,,,,,,,,,,,
hopfield_state_dim_x_capacity_ratio_pivot,,,,,,,,,,,256.0,1.0,1.0,0.9994,0.9762857142857142,0.7733333333333333,0.6307236842105264,0.508046875,0.41687499999999994,0.39638671875,,,,,,,,,,,
hopfield_state_dim_x_capacity_ratio_pivot,,,,,,,,,,,512.0,1.0,1.0,1.0,0.9947142857142856,0.7909313725490196,0.7051307189542484,0.6696093750000001,0.6127734375000001,0.576826171875,,,,,,,,,,,
hopfield_state_dim_x_capacity_ratio_pivot,,,,,,,,,,,1024.0,1.0,1.0,1.0,0.9972695035460994,0.8515686274509804,0.8467263843648208,0.8595996093749999,0.8412434895833332,0.8439111328125002,,,,,,,,,,,
classical_capacity_comparison,,,,,,,,,,,,,,,,,,,,,0.025,0.025,1.0,False,,,,,,,
classical_capacity_comparison,,,,,,,,,,,,,,,,,,,,,0.05,0.05,1.0,False,,,,,,,
classical_capacity_comparison,,,,,,,,,,,,,,,,,,,,,0.1,0.1,0.9997133333333333,False,,,,,,,
classical_capacity_comparison,,,,,,,,,,,,,,,,,,,,,0.138,0.138,0.9851980183562787,False,,,,,,,
classical_capacity_comparison,,,,,,,,,,,,,,,,,,,,,0.2,0.2,0.82424,False,,,,,,,
classical_capacity_comparison,,,,,,,,,,,,,,,,,,,,,0.3,0.3,0.6564372101374981,False,,,,,,,
classical_capacity_comparison,,,,,,,,,,,,,,,,,,,,,0.5,0.5,0.566826171875,False,,,,,,,
classical_capacity_comparison,,,,,,,,,,,,,,,,,,,,,0.75,0.75,0.4939075520833333,False,,,,,,,
classical_capacity_comparison,,,,,,,,,,,,,,,,,,,,,1.0,1.0,0.4662841796874999,False,,,,,,,
hopfield_threshold_estimates,,,,,,,,,,,,,,,,,,,,,,,,,0.99,0.138,,,,,
hopfield_threshold_estimates,,,,,,,,,,,,,,,,,,,,,,,,,0.95,0.2,,,,,
hopfield_threshold_estimates,,,,,,,,,,,,,,,,,,,,,,,,,0.9,0.2,,,,,
hopfield_threshold_estimates,,,,,,,,,,,,,,,,,,,,,,,,,0.75,0.3,,,,,
hopfield_threshold_estimates,,,,,,,,,,,,,,,,,,,,,,,,,0.5,0.75,,,,,
worst_hopfield_rows,hopfield,,,,,,,,0.75,0.1385416666666666,64.0,,,,,,,,,,,,,,,,exp03_capacity,9.0,48.0,0.1,0.0999002659574468
worst_hopfield_rows,hopfield,,,,,,,,1.0,0.14453125,64.0,,,,,,,,,,,,,,,,exp03_capacity,9.0,64.0,0.1,0.0991908482142857
worst_hopfield_rows,hopfield,,,,,,,,0.5,0.1625,64.0,,,,,,,,,,,,,,,,exp03_capacity,9.0,32.0,0.1,0.1021295362903225
worst_hopfield_rows,hopfield,,,,,,,,1.0,0.16484375,64.0,,,,,,,,,,,,,,,,exp03_capacity,4.0,64.0,0.1,0.0993923611111111
worst_hopfield_rows,hopfield,,,,,,,,1.0,0.17265625,128.0,,,,,,,,,,,,,,,,exp03_capacity,8.0,128.0,0.1,0.0707046628937007
worst_hopfield_rows,hopfield,,,,,,,,1.0,0.19609375,64.0,,,,,,,,,,,,,,,,exp03_capacity,1.0,64.0,0.1,0.1003379216269841
worst_hopfield_rows,hopfield,,,,,,,,1.0,0.20859375,64.0,,,,,,,,,,,,,,,,exp03_capacity,2.0,64.0,0.1,0.1007564484126984
worst_hopfield_rows,hopfield,,,,,,,,0.75,0.2088541666666666,128.0,,,,,,,,,,,,,,,,exp03_capacity,3.0,96.0,0.1,0.0706688596491228
worst_hopfield_rows,hopfield,,,,,,,,0.5,0.2109375,64.0,,,,,,,,,,,,,,,,exp03_capacity,1.0,32.0,0.1,0.1037046370967741
worst_hopfield_rows,hopfield,,,,,,,,0.5,0.2140625,64.0,,,,,,,,,,,,,,,,exp03_capacity,6.0,32.0,0.1,0.1006804435483871
worst_hopfield_rows,hopfield,,,,,,,,0.75,0.2145833333333333,64.0,,,,,,,,,,,,,,,,exp03_capacity,2.0,48.0,0.1,0.1048869680851063
worst_hopfield_rows,hopfield,,,,,,,,1.0,0.22109375,64.0,,,,,,,,,,,,,,,,exp03_capacity,6.0,64.0,0.1,0.1017330109126984
worst_hopfield_rows,hopfield,,,,,,,,1.0,0.221875,128.0,,,,,,,,,,,,,,,,exp03_capacity,9.0,128.0,0.1,0.069941483144685
worst_hopfield_rows,hopfield,,,,,,,,1.0,0.23046875,64.0,,,,,,,,,,,,,,,,exp03_capacity,7.0,64.0,0.1,0.1036551339285714
worst_hopfield_rows,hopfield,,,,,,,,1.0,0.23125,128.0,,,,,,,,,,,,,,,,exp03_capacity,3.0,128.0,0.1,0.0704086183562992
worst_hopfield_rows,hopfield,,,,,,,,1.0,0.2359375,64.0,,,,,,,,,,,,,,,,exp03_capacity,5.0,64.0,0.1,0.099454365079365
worst_hopfield_rows,hopfield,,,,,,,,0.75,0.2395833333333333,128.0,,,,,,,,,,,,,,,,exp03_capacity,9.0,96.0,0.1,0.0702336896929824
worst_hopfield_rows,hopfield,,,,,,,,1.0,0.2515625,64.0,,,,,,,,,,,,,,,,exp03_capacity,8.0,64.0,0.1,0.0993148561507936
worst_hopfield_rows,hopfield,,,,,,,,0.75,0.25625,64.0,,,,,,,,,,,,,,,,exp03_capacity,1.0,48.0,0.1,0.0997063386524822
worst_hopfield_rows,hopfield,,,,,,,,1.0,0.25859375,64.0,,,,,,,,,,,,,,,,exp03_capacity,0.0,64.0,0.1,0.1010354662698412
